keys,ko,en
첫 출근,첫 출근,First Day on the Job
1주차 월요일을 마친다.,1주차 월요일을 마친다.,Finish Week 1 · Monday.
뒷문,뒷문,The Back Door
처음으로 포켓몬을 뒷문으로 풀어준다.,처음으로 포켓몬을 뒷문으로 풀어준다.,Release a Pokémon out the back door for the first time.
보낸 사람 칸은 비워 두고,보낸 사람 칸은 비워 두고,Sender: Left Blank
처음으로 포켓몬을 주인에게 돌려보낸다.,처음으로 포켓몬을 주인에게 돌려보낸다.,Mail a Pokémon back to its owner for the first time.
분홍 리본,분홍 리본,Pink Ribbon
솜이를 집으로 돌려보낸다.,솜이를 집으로 돌려보낸다.,Send Fluffy back home.
경품 진열장,경품 진열장,Prize Counter
게임코너 진열장에서 초록이를 되찾는다.,게임코너 진열장에서 초록이를 되찾는다.,Win Greenie back from the Game Corner prize display.
아보크를 로사에게 보여 준다.,아보크를 로사에게 보여 준다.,Show Arbok to Jessie.
다락은 비어 있다,다락은 비어 있다,The Attic Is Empty
로이를 끝까지 숨겨 준다.,로이를 끝까지 숨겨 준다.,Keep James hidden to the very end.
같은 달 입사,같은 달 입사,Same-Month Hires
세나와 가까워진다.,세나와 가까워진다.,Grow close to Sena.
풀밭의 은혜,풀밭의 은혜,The Meadow Repays You
뒷문 풀밭에서 돌본 포켓몬에게 도움을 받는다.,뒷문 풀밭에서 돌본 포켓몬에게 도움을 받는다.,Get help from a Pokémon you cared for in the back meadow.
게임코너 슬롯에서 잭팟을 터뜨린다.,게임코너 슬롯에서 잭팟을 터뜨린다.,Hit the jackpot on a Game Corner slot machine.
내 방,내 방,A Room of My Own
백화점에서 원룸 물건 다섯 개를 전부 산다.,백화점에서 원룸 물건 다섯 개를 전부 산다.,Buy all five apartment items at the department store.
마지막 경고,마지막 경고,Final Warning
아폴로에게 마지막 경고를 받는다.,아폴로에게 마지막 경고를 받는다.,Receive a final warning from Archer.
한 식구,한 식구,One Family
뒷문 풀밭의 포켓몬을 원룸에 데려간다.,뒷문 풀밭의 포켓몬을 원룸에 데려간다.,Bring a Pokémon from the back meadow home to the apartment.
지급품의 반란,지급품의 반란,Revolt of the Standard Issue
포켓몬 배틀에서 처음으로 이긴다.,포켓몬 배틀에서 처음으로 이긴다.,Win a Pokémon battle for the first time.
옆집 애의 라이벌,옆집 애의 라이벌,The Neighbor Kid's Rival
그린을 배틀에서 이긴다.,그린을 배틀에서 이긴다.,Beat Blue in a battle.
안 읽는 게 편해,안 읽는 게 편해,Easier Not to Read
아폴로를 따라 성도로 간다.,아폴로를 따라 성도로 간다.,Follow Archer to Johto.
엔딩: 안 읽는 게 편해,엔딩: 안 읽는 게 편해,Ending: Easier Not to Read
기록 상자,기록 상자,The Record Box
기록 상자를 들고 경찰에게 간다.,기록 상자를 들고 경찰에게 간다.,Take the record box to the police.
엔딩: 기록 상자,엔딩: 기록 상자,Ending: The Record Box
마지막 트럭,마지막 트럭,The Last Truck
선배들과 마지막 트럭을 몰고 나간다.,선배들과 마지막 트럭을 몰고 나간다.,Drive the last truck out with your seniors.
엔딩: 마지막 트럭,엔딩: 마지막 트럭,Ending: The Last Truck
첫 포켓몬,첫 포켓몬,The First Pokémon
관리 번호 001과 다시 만난다.,관리 번호 001과 다시 만난다.,Meet No. 001 once again.
엔딩: 첫 포켓몬,엔딩: 첫 포켓몬,Ending: The First Pokémon
돌아온 차례,돌아온 차례,Returned in Turn
누군가 돌려준 이상해씨를 받는다.,누군가 돌려준 이상해씨를 받는다.,Receive a Bulbasaur someone gave back.
엔딩: 돌아온 차례,엔딩: 돌아온 차례,Ending: Returned in Turn
빈 몬스터볼,빈 몬스터볼,The Empty Poké Ball
빈 몬스터볼을 들고 고향으로 돌아간다.,빈 몬스터볼을 들고 고향으로 돌아간다.,Go back home carrying the empty Poké Ball.
엔딩: 빈 몬스터볼,엔딩: 빈 몬스터볼,Ending: The Empty Poké Ball
뒷문으로 나간 사람,뒷문으로 나간 사람,Out the Back Door
로켓단에서 해고된다.,로켓단에서 해고된다.,Get fired from Team Rocket.
엔딩: 뒷문으로 나간 사람,엔딩: 뒷문으로 나간 사람,Ending: Out the Back Door
거래,거래,The Deal
기록 상자로 형량을 산다.,기록 상자로 형량을 산다.,Trade the record box for a lighter sentence.
엔딩: 거래,엔딩: 거래,Ending: The Deal
수갑,수갑,Handcuffs
검수 기록의 서명 때문에 체포된다.,검수 기록의 서명 때문에 체포된다.,Get arrested over your signatures on the inspection logs.
엔딩: 수갑,엔딩: 수갑,Ending: Handcuffs
잠긴 창고,잠긴 창고,The Locked Warehouse
월세를 못 내고 갈 곳을 잃는다.,월세를 못 내고 갈 곳을 잃는다.,Miss the rent and end up with nowhere to go.
엔딩: 잠긴 창고,엔딩: 잠긴 창고,Ending: The Locked Warehouse
로사,로사,Jessie
로이,로이,James
나옹,나옹,Meowth
아폴로,아폴로,Archer
비주기,비주기,Giovanni
세나,세나,Sena
집사,집사,Butler
벨라,벨라,Bella
순경,순경,Officer
민수,민수,Minsu
하나,하나,Hana
오박사,오박사,Professor Oak
그린,그린,Blue
경품 교환소 직원,경품 교환소 직원,Prize Exchange Clerk
무지개시티 게임코너,무지개시티 게임코너,Celadon City Game Corner
게임코너는 담배 연기와 슬롯머신 소리로 가득했다. 경품 교환소 진열장에는 몬스터볼이 줄지어 놓여 있었다.,게임코너는 담배 연기와 슬롯머신 소리로 가득했다. 경품 교환소 진열장에는 몬스터볼이 줄지어 놓여 있었다.,The Game Corner was thick with cigarette smoke and the clatter of slot machines. Poké Balls sat in neat rows in the prize display.
구석 포스터 뒤에서 로켓단 옷을 입은 남자가 나왔다. 로사가 말한 지하 아지트 입구가 저기일 것이다.,구석 포스터 뒤에서 로켓단 옷을 입은 남자가 나왔다. 로사가 말한 지하 아지트 입구가 저기일 것이다.,A man in a Team Rocket uniform stepped out from behind a poster in the corner. That must be the hideout entrance Jessie mentioned.
역 앞 포장마차 (선배들과 저녁),역 앞 포장마차 (선배들과 저녁),Street Food Tent by the Station (Dinner with Seniors)
포장마차 비닐 천막 안은 따뜻했다. 선배들은 벌써 어묵 국물을 두 그릇째 비우고 있었다.,포장마차 비닐 천막 안은 따뜻했다. 선배들은 벌써 어묵 국물을 두 그릇째 비우고 있었다.,It was warm under the tent's plastic sheeting. The seniors were already on their second bowl of fish cake broth.
나옹은 어묵 꼬치를 세 개까지만 먹는다옹. 네 개부터는 로이 지갑이 운다옹.,나옹은 어묵 꼬치를 세 개까지만 먹는다옹. 네 개부터는 로이 지갑이 운다옹.,"Meowth stops at three fish cake skewers, meow. From the fourth on, James's wallet starts cryin'."
우리 둘이 처음 만난 것도 이런 포장마차였어. 둘 다 로켓단 입단 시험에서 떨어진 날이었지. 다음 해에 같이 붙었어.,우리 둘이 처음 만난 것도 이런 포장마차였어. 둘 다 로켓단 입단 시험에서 떨어진 날이었지. 다음 해에 같이 붙었어.,The two of us first met at a tent like this. We'd both just flunked the Team Rocket entrance exam. We passed together the next year.
"기록실에 가 보면 뭐가 달라질까. 엄마가 왜 안 돌아왔는지 알게 되면, 난 그다음엔 뭘 하지?","기록실에 가 보면 뭐가 달라질까. 엄마가 왜 안 돌아왔는지 알게 되면, 난 그다음엔 뭘 하지?",What would going to the records room even change? If I find out why Mom never came back... then what do I do?
아보크가 요즘 밤마다 북쪽을 보고 울어. 엄마가 있는 쪽이겠지.,아보크가 요즘 밤마다 북쪽을 보고 울어. 엄마가 있는 쪽이겠지.,"Arbok's been crying toward the north every night lately. That's where Mom is, I guess."
요즘은 기록실 생각도 잘 안 나. 그냥 오늘 하루 버티는 거지 뭐.,요즘은 기록실 생각도 잘 안 나. 그냥 오늘 하루 버티는 거지 뭐.,I barely think about the records room anymore. I just try to get through each day.
집을 나오고 처음으로 누가 나를 숨겨 줬어. 이상하지. 로켓단에서 그런 걸 받을 줄은 몰랐어.,집을 나오고 처음으로 누가 나를 숨겨 줬어. 이상하지. 로켓단에서 그런 걸 받을 줄은 몰랐어.,"That's the first time anyone's hidden me since I left home. Funny, huh? Never thought I'd get that from Team Rocket."
로이 자리가 비었다옹. 어묵이 남는다옹. …하나도 안 기쁘다옹.,로이 자리가 비었다옹. 어묵이 남는다옹. …하나도 안 기쁘다옹.,"James's seat is empty, meow. More fish cake for me... It ain't makin' me happy one bit, meow."
무지개시티 백화점 (원룸 물건),무지개시티 백화점 (원룸 물건),Celadon Dept. Store (Apartment Items)
무지개시티 백화점은 사람으로 북적였다. 5층 생활용품 코너에 들렀다.,무지개시티 백화점은 사람으로 북적였다. 5층 생활용품 코너에 들렀다.,Celadon Dept. Store was packed. I stopped by the housewares section on the 5th floor.
상록숲 산책,상록숲 산책,A Walk in Viridian Forest
상록숲은 창고에서 걸어서 삼십 분 거리다. 나무 사이로 햇빛이 조각조각 떨어졌다.,상록숲은 창고에서 걸어서 삼십 분 거리다. 나무 사이로 햇빛이 조각조각 떨어졌다.,Viridian Forest is a thirty-minute walk from the warehouse. Sunlight fell in patches between the trees.
벌레 잡으러 오셨어요? 얘는 초록이예요! 한번 잃어버렸는데 혼자 집에 찾아왔어요. 대단하죠?,벌레 잡으러 오셨어요? 얘는 초록이예요! 한번 잃어버렸는데 혼자 집에 찾아왔어요. 대단하죠?,"Are you here to catch bugs? This is Greenie! I lost him once, but he found his way home all by himself. Isn't that amazing?"
민수 어깨 위의 캐터피가 나를 빤히 보았다. 기억하는 걸까. 설마.,민수 어깨 위의 캐터피가 나를 빤히 보았다. 기억하는 걸까. 설마.,The Caterpie on Minsu's shoulder stared right at me. Did it remember? No way.
"초록아! 초록아…! 아, 죄송해요. 혹시 캐터피 못 보셨어요? 초록색이고요, 이만해요.","초록아! 초록아…! 아, 죄송해요. 혹시 캐터피 못 보셨어요? 초록색이고요, 이만해요.","Greenie! Greenie...! Oh, sorry. Have you seen a Caterpie? He's green, and about this big."
매일 여기서 불러요. 초록이는 제 목소리를 알거든요. 언젠가는 대답할 거예요.,매일 여기서 불러요. 초록이는 제 목소리를 알거든요. 언젠가는 대답할 거예요.,I call for him here every day. Greenie knows my voice. Someday he'll answer.
저기요! 초록이가 버터플이 돼서 돌아왔어요! 제가 쓴 쪽지도 그대로 달고요! 누가 보냈는지는 몰라요.,저기요! 초록이가 버터플이 돼서 돌아왔어요! 제가 쓴 쪽지도 그대로 달고요! 누가 보냈는지는 몰라요.,Hey! Greenie came back as a Butterfree! He even still had my note on him! I don't know who sent him.
숲은 조용했다. 잠깐이나마 창고 일을 잊을 수 있었다.,숲은 조용했다. 잠깐이나마 창고 일을 잊을 수 있었다.,"The forest was quiet. For a little while, I could forget about the warehouse."
돌려보낸 포켓몬의 집 찾아가 보기,돌려보낸 포켓몬의 집 찾아가 보기,Visit the homes of Pokémon you sent back
"갈색시티 발전소 사택 창문 너머로, 코일 한 마리가 전구 옆에 붙어서 불을 밝히고 있었다. 찌릿이였다.","갈색시티 발전소 사택 창문 너머로, 코일 한 마리가 전구 옆에 붙어서 불을 밝히고 있었다. 찌릿이였다.","Through the window of a Power Plant staff house in Vermilion, a Magnemite clung beside a bulb, lighting the room. It was Zappy."
무인발전소 경비원 숙소 앞마당에서 여자아이가 피카츄를 안고 빙글빙글 돌고 있었다. 반창고는 새것으로 바뀌어 있었다.,무인발전소 경비원 숙소 앞마당에서 여자아이가 피카츄를 안고 빙글빙글 돌고 있었다. 반창고는 새것으로 바뀌어 있었다.,"In the yard of the Power Plant guards' lodge, a girl was spinning around with a Pikachu in her arms. Its bandage had been changed for a new one."
격투도장 마당에서 시라소몬이 관장과 대련을 하고 있었다. 관장은 발차기를 맞고도 웃었다.,격투도장 마당에서 시라소몬이 관장과 대련을 하고 있었다. 관장은 발차기를 맞고도 웃었다.,"In the Fighting Dojo yard, Hitmonlee was sparring with the master. The master laughed even after taking a kick."
보라타운 포켓몬하우스 앞에서 할아버지가 럭키에게 알을 받아 들고 있었다. 할아버지는 그 알을 다시 럭키에게 돌려주었다.,보라타운 포켓몬하우스 앞에서 할아버지가 럭키에게 알을 받아 들고 있었다. 할아버지는 그 알을 다시 럭키에게 돌려주었다.,"Outside the Pokémon House in Lavender, an old man took an Egg from Chansey. Then he gave the Egg right back to her."
무지개시티 하나네 집 마당 물통 속에서 샤미드가 헤엄치고 있었다. 하나는 물에 젖은 분홍 리본을 햇볕에 말리고 있었다.,무지개시티 하나네 집 마당 물통 속에서 샤미드가 헤엄치고 있었다. 하나는 물에 젖은 분홍 리본을 햇볕에 말리고 있었다.,"In a tub in Hana's yard in Celadon, a Vaporeon was swimming. Hana was drying a wet pink ribbon in the sun."
상록시티 외곽 저택 대문 앞에서 가디 여섯 마리가 나란히 엎드려 길 쪽을 보고 있었다. 맨 앞의 대장은 금목걸이를 하고 있었다.,상록시티 외곽 저택 대문 앞에서 가디 여섯 마리가 나란히 엎드려 길 쪽을 보고 있었다. 맨 앞의 대장은 금목걸이를 하고 있었다.,"At the gate of a mansion outside Viridian, six Growlithe lay side by side, watching the road. Captain, in front, wore a gold collar."
"갈색시티 팬클럽 회관 창문 너머로, 회장님이 삐삐를 무릎에 앉혀 놓고 누군가에게 쉬지 않고 이야기하고 있었다.","갈색시티 팬클럽 회관 창문 너머로, 회장님이 삐삐를 무릎에 앉혀 놓고 누군가에게 쉬지 않고 이야기하고 있었다.","Through the Fan Club window in Vermilion, the Chairman had a Clefairy on his lap and was talking someone's ear off."
갈색시티 어느 집 마당에서 파오리가 대파로 할머니 어깨를 두드려 주고 있었다.,갈색시티 어느 집 마당에서 파오리가 대파로 할머니 어깨를 두드려 주고 있었다.,"In a yard in Vermilion, a Farfetch'd was patting an old woman's shoulders with its leek."
실프 사원 기숙사 로비에서 푸린이 노래를 불렀다. 사원들은 전부 잠들었다.,실프 사원 기숙사 로비에서 푸린이 노래를 불렀다. 사원들은 전부 잠들었다.,Jigglypuff sang in the lobby of the Silph Co. staff dorm. Every employee fell fast asleep.
"버터플 (4,000원)","버터플 (4,000원)","Butterfree (4,000 won)"
진열장 속 버터플의 목에 낡은 쪽지가 매달려 있었다. '제 첫 포켓몬이에요. 이름은 초록이에요. 돌려주세요. 민수',진열장 속 버터플의 목에 낡은 쪽지가 매달려 있었다. '제 첫 포켓몬이에요. 이름은 초록이에요. 돌려주세요. 민수',"A worn note hung from the neck of the Butterfree in the display. ""This is my first Pokémon. His name is Greenie. Please give him back. —Minsu"""
본사는 초록이를 진화시켜 경품으로 내놓은 것이다. 쪽지를 떼는 것조차 귀찮았던 모양이다.,본사는 초록이를 진화시켜 경품으로 내놓은 것이다. 쪽지를 떼는 것조차 귀찮았던 모양이다.,HQ had evolved Greenie and put him up as a prize. They hadn't even bothered to take off the note.
"버터플 교환이요? 손님, 이거 인기 경품인데. 좋은 거 고르셨네요.","버터플 교환이요? 손님, 이거 인기 경품인데. 좋은 거 고르셨네요.","Trading for Butterfree? That's a popular prize, you know. Good pick."
그날 오후 상록숲 민수 앞으로 소포를 부쳤다. 보낸 사람 칸은 비워 두었다.,그날 오후 상록숲 민수 앞으로 소포를 부쳤다. 보낸 사람 칸은 비워 두었다.,That afternoon I mailed a package to Minsu in Viridian Forest. I left the sender line blank.
"나옹 (3,000원)","나옹 (3,000원)","Meowth (3,000 won)"
"진열장 구석에 떠돌이 나옹이 있었다. 1주차 목요일, 선배네 나옹이 상자 앞에서 한참 서 있던 그 녀석이었다.","진열장 구석에 떠돌이 나옹이 있었다. 1주차 목요일, 선배네 나옹이 상자 앞에서 한참 서 있던 그 녀석이었다.",A stray Meowth sat in a corner of the display. It was the one the seniors' Meowth had stood staring at on Week 1 · Thursday.
교환한 나옹을 무지개시티 골목에 풀어 주었다. 녀석은 한 번 뒤돌아보고 골목 안으로 사라졌다.,교환한 나옹을 무지개시티 골목에 풀어 주었다. 녀석은 한 번 뒤돌아보고 골목 안으로 사라졌다.,"I let the Meowth go in a Celadon back alley. It looked back once, then vanished down the alley."
…누가 그 녀석을 골목에 데려다 놨다는 소문을 들었다옹. 너지? 대답 안 해도 된다옹. 고맙다옹.,…누가 그 녀석을 골목에 데려다 놨다는 소문을 들었다옹. 너지? 대답 안 해도 된다옹. 고맙다옹.,"...I heard somebody dropped that stray off in an alley, meow. That was you, right? Ya don't gotta answer. Thanks, meow."
"식스테일 (3,000원)","식스테일 (3,000원)","Vulpix (3,000 won)"
브리더 협회 목걸이를 찬 식스테일이 진열장에 있었다. 목걸이 뒷면의 연락처는 그대로였다.,브리더 협회 목걸이를 찬 식스테일이 진열장에 있었다. 목걸이 뒷면의 연락처는 그대로였다.,A Vulpix wearing a Breeders' Association collar was in the display. The contact info on the back was still there.
"교환해서 목걸이에 적힌 주소로 보냈다. 이번에는 보낸 사람 칸에 '로켓단 창고 직원 일동'이라고 적었다가, 지웠다.","교환해서 목걸이에 적힌 주소로 보냈다. 이번에는 보낸 사람 칸에 '로켓단 창고 직원 일동'이라고 적었다가, 지웠다.","I traded for it and mailed it to the address on the collar. This time I wrote ""The Team Rocket Warehouse Staff"" as the sender, then erased it."
"작은 난로 (3,000원)","작은 난로 (3,000원)","Small Heater (3,000 won)"
난로가 방을 데웠다. 오늘 밤은 발이 덜 시렸다.,난로가 방을 데웠다. 오늘 밤은 발이 덜 시렸다.,The heater warmed the room. My feet were a little less cold tonight.
"중고 라디오 (2,000원)","중고 라디오 (2,000원)","Used Radio (2,000 won)"
"창가 화분 (1,000원)","창가 화분 (1,000원)","Window Plant (1,000 won)"
창가 화분에 새잎이 하나 났다. 물을 주고 불을 껐다.,창가 화분에 새잎이 하나 났다. 물을 주고 불을 껐다.,A new leaf sprouted on the window plant. I watered it and turned off the light.
"사진 액자 (2,000원)","사진 액자 (2,000원)","Photo Frame (2,000 won)"
액자 속 가족사진을 봤다. 아버지는 사진 속에서도 웃지 않는다. 그래도 사진을 찍던 날은 옆에 서 있었다.,액자 속 가족사진을 봤다. 아버지는 사진 속에서도 웃지 않는다. 그래도 사진을 찍던 날은 옆에 서 있었다.,"I looked at the family photo. Dad isn't smiling, even in the picture. But on the day it was taken, he stood beside me."
"작은 선반 (1,500원)","작은 선반 (1,500원)","Small Shelf (1,500 won)"
빈 몬스터볼을 새 선반 한가운데 올려 두었다. 언젠가 채울 자리다.,빈 몬스터볼을 새 선반 한가운데 올려 두었다. 언젠가 채울 자리다.,I set the empty Poké Ball in the middle of the new shelf. That spot is for someday.
탕구리가 풀밭을 떠났다. 보라타운 쪽으로 걸어갔다. 엄마가 있는 곳이었다.,탕구리가 풀밭을 떠났다. 보라타운 쪽으로 걸어갔다. 엄마가 있는 곳이었다.,"Cubone left the meadow. It walked off toward Lavender Town, where its mother was."
캐이시가 사라졌다. 순간이동을 한 모양이다. 먹이 그릇만 남았다.,캐이시가 사라졌다. 순간이동을 한 모양이다. 먹이 그릇만 남았다.,Abra disappeared. It must have Teleported. Only its food bowl was left.
떠돌이 나옹이 풀밭을 떠났다. 무지개시티 골목 쪽이었다.,떠돌이 나옹이 풀밭을 떠났다. 무지개시티 골목 쪽이었다.,"The stray Meowth left the meadow, heading toward the Celadon alleys."
"니드런♀이 떠났다. 22번 도로 쪽으로, 짝을 찾으러.","니드런♀이 떠났다. 22번 도로 쪽으로, 짝을 찾으러.","Nidoran♀ left, down Route 22, to look for a mate."
"니드런♂이 떠났다. 22번 도로 쪽으로, 짝을 찾으러.","니드런♂이 떠났다. 22번 도로 쪽으로, 짝을 찾으러.","Nidoran♂ left, down Route 22, to look for a mate."
탕구리가 풀밭을 떠났다. 보라타운 쪽으로 걸어갔다.,탕구리가 풀밭을 떠났다. 보라타운 쪽으로 걸어갔다.,Cubone left the meadow. It walked off toward Lavender Town.
고라파덕이 머리를 감싸 쥔 채 냇가 쪽으로 걸어갔다. 어디로 가는지는 녀석도 모르는 것 같았다.,고라파덕이 머리를 감싸 쥔 채 냇가 쪽으로 걸어갔다. 어디로 가는지는 녀석도 모르는 것 같았다.,"Psyduck wandered off toward the stream, clutching its head. I don't think even it knew where it was going."
야돈이 드디어 일어났다. 엿새 걸렸다. 갈색시티 쪽으로 아주 천천히 걸어갔다.,야돈이 드디어 일어났다. 엿새 걸렸다. 갈색시티 쪽으로 아주 천천히 걸어갔다.,"Slowpoke finally got up. It took six days. It headed toward Vermilion, very, very slowly."
망키가 창고 과자 한 봉지를 들고 사라졌다. 마지막까지 고약한 녀석이었다.,망키가 창고 과자 한 봉지를 들고 사라졌다. 마지막까지 고약한 녀석이었다.,Mankey vanished with a bag of the warehouse's snacks. A rascal to the very end.
탕구리와 뼈 곤봉으로 막대기 치기를 했다. 녀석은 처음으로 투구를 조금 들어 올리고 나를 봤다.,탕구리와 뼈 곤봉으로 막대기 치기를 했다. 녀석은 처음으로 투구를 조금 들어 올리고 나를 봤다.,"I played stick-ball with Cubone and its bone club. For the first time, it lifted its skull helmet a little and looked at me."
캐이시에게 공을 던졌다. 공이 닿기 직전마다 캐이시가 반 뼘씩 순간이동했다. 한 번도 못 맞혔다.,캐이시에게 공을 던졌다. 공이 닿기 직전마다 캐이시가 반 뼘씩 순간이동했다. 한 번도 못 맞혔다.,"I threw a ball at Abra. Every time, right before it hit, Abra Teleported half a hand away. I never landed one."
"니드런♀은 한참 22번 도로 쪽을 보다가, 내 무릎에 턱을 올리고 잠들었다.","니드런♀은 한참 22번 도로 쪽을 보다가, 내 무릎에 턱을 올리고 잠들었다.","Nidoran♀ gazed toward Route 22 for a long time, then rested its chin on my knee and fell asleep."
니드런♂이 뿔로 내 신발을 콕콕 찔렀다. 놀자는 뜻인 것 같았다.,니드런♂이 뿔로 내 신발을 콕콕 찔렀다. 놀자는 뜻인 것 같았다.,Nidoran♂ kept poking my shoe with its horn. I think it wanted to play.
떠돌이 나옹과 끈 놀이를 했다. 녀석은 내가 로켓단 옷을 입었다는 걸 알면서도 끈을 놓지 않았다.,떠돌이 나옹과 끈 놀이를 했다. 녀석은 내가 로켓단 옷을 입었다는 걸 알면서도 끈을 놓지 않았다.,"I played string with the stray Meowth. It knew I wore a Team Rocket uniform, but it didn't let go of the string."
메타몽이 내 얼굴로 변신했다. 거울을 보는 것 같아서 조금 무서웠다. 다음엔 로사로 변신해서 웃겼다.,메타몽이 내 얼굴로 변신했다. 거울을 보는 것 같아서 조금 무서웠다. 다음엔 로사로 변신해서 웃겼다.,"Ditto Transformed into my face. It was like looking in a mirror, and a little scary. Then it turned into Jessie, which was funny."
고라파덕과 나란히 앉아 머리를 감싸 쥐었다. 둘 다 머리가 아팠다. 이상하게 위로가 됐다.,고라파덕과 나란히 앉아 머리를 감싸 쥐었다. 둘 다 머리가 아팠다. 이상하게 위로가 됐다.,"I sat next to Psyduck and clutched my head, too. We both had headaches. Somehow it was comforting."
야돈 옆에 앉아 한 시간 동안 아무것도 안 했다. 야돈이 하품을 한 번 했다. 그걸로 충분했다.,야돈 옆에 앉아 한 시간 동안 아무것도 안 했다. 야돈이 하품을 한 번 했다. 그걸로 충분했다.,I sat beside Slowpoke and did nothing for an hour. Slowpoke Yawned once. That was enough.
망키와 놀아 주려다 머리카락을 한 움큼 뜯겼다. 그래도 녀석이 처음으로 먼저 다가왔다.,망키와 놀아 주려다 머리카락을 한 움큼 뜯겼다. 그래도 녀석이 처음으로 먼저 다가왔다.,"I tried to play with Mankey and lost a fistful of hair. But for the first time, it came to me first."
탕구리 옆에 앉아 먹이를 조금씩 밀어 주었다. 녀석이 처음으로 한 입 먹었다.,탕구리 옆에 앉아 먹이를 조금씩 밀어 주었다. 녀석이 처음으로 한 입 먹었다.,"I sat by Cubone and nudged a little food its way. For the first time, it took a bite."
폴리곤은 풀잎을 하나하나 스캔하고 있었다. 창고 단말기로 날씨 예보를 보여 주자 삐빅 하고 좋아했다.,폴리곤은 풀잎을 하나하나 스캔하고 있었다. 창고 단말기로 날씨 예보를 보여 주자 삐빅 하고 좋아했다.,"Porygon was scanning blades of grass one by one. When I showed it the forecast on the warehouse terminal, it beeped happily."
캐이시는 거의 자기만 한다. 그래도 위험한 순간에는 한 번쯤 순간이동으로 데려가 줄 것 같다.,캐이시는 거의 자기만 한다. 그래도 위험한 순간에는 한 번쯤 순간이동으로 데려가 줄 것 같다.,"Abra mostly just sleeps. Still, I bet it'll Teleport me out of danger at least once."
메타몽은 방구석의 피카츄 인형으로 변신해서 하루를 보낸다. 누가 방을 뒤져도 모를 것이다.,메타몽은 방구석의 피카츄 인형으로 변신해서 하루를 보낸다. 누가 방을 뒤져도 모를 것이다.,Ditto spends the day disguised as the Pikachu plushie in the corner. No one searching the room would ever know.
폴리곤은 창고 단말기 전선을 원룸까지 끌어왔다. 본사 기록망에 들어갈 수 있을지도 모른다.,폴리곤은 창고 단말기 전선을 원룸까지 끌어왔다. 본사 기록망에 들어갈 수 있을지도 모른다.,Porygon ran a cable from the warehouse terminal all the way to the apartment. It might be able to get into HQ's records network.
탕구리는 현관을 지킨다. 낯선 가디 냄새가 나면 뼈 곤봉을 치켜든다.,탕구리는 현관을 지킨다. 낯선 가디 냄새가 나면 뼈 곤봉을 치켜든다.,"Cubone guards the front door. If it smells a strange Growlithe, it raises its bone club."
"떠돌이 나옹이 원룸에 온 날, 선배네 나옹이 창문 밖에서 한참 서 있다 갔다.","떠돌이 나옹이 원룸에 온 날, 선배네 나옹이 창문 밖에서 한참 서 있다 갔다.","The day the stray Meowth moved in, the seniors' Meowth stood outside the window for a long while before leaving."
망키는 냉장고를 연다. 앞으로 생활비가 조금 더 들 것 같다.,망키는 냉장고를 연다. 앞으로 생활비가 조금 더 들 것 같다.,Mankey opens the fridge. Living costs are going to go up a bit.
"캐이시가 방 한가운데서 자다가, 눈 깜짝할 새 이불 속으로 옮겨 가 있었다.","캐이시가 방 한가운데서 자다가, 눈 깜짝할 새 이불 속으로 옮겨 가 있었다.","Abra was asleep in the middle of the room, then in the blink of an eye it was under the blanket."
피카츄 인형이 조금 흐물거렸다. 메타몽이 하품을 한 모양이다.,피카츄 인형이 조금 흐물거렸다. 메타몽이 하품을 한 모양이다.,The Pikachu plushie went a little droopy. Ditto must have yawned.
폴리곤이 단말기 화면에 오늘 창고 입고 목록을 띄워 두었다. 내 서명이 몇 개인지도 세어 놓았다.,폴리곤이 단말기 화면에 오늘 창고 입고 목록을 띄워 두었다. 내 서명이 몇 개인지도 세어 놓았다.,Porygon had today's warehouse intake list up on the terminal. It had even counted how many of the signatures were mine.
탕구리가 현관 앞에 앉아 있다. 밖에서 개 짖는 소리가 나자 뼈 곤봉을 고쳐 쥐었다.,탕구리가 현관 앞에 앉아 있다. 밖에서 개 짖는 소리가 나자 뼈 곤봉을 고쳐 쥐었다.,"Cubone is sitting by the front door. When a dog barked outside, it tightened its grip on its bone club."
떠돌이 나옹이 창틀에 앉아 무지개시티 쪽을 보고 있었다.,떠돌이 나옹이 창틀에 앉아 무지개시티 쪽을 보고 있었다.,"The stray Meowth sat on the window frame, looking toward Celadon City."
고라파덕이 머리를 감싸 쥐고 있다. 나도 그랬다.,고라파덕이 머리를 감싸 쥐고 있다. 나도 그랬다.,Psyduck is clutching its head. So was I.
야돈이 어제랑 똑같은 자리에 누워 있다. 아마 내일도 그럴 것이다.,야돈이 어제랑 똑같은 자리에 누워 있다. 아마 내일도 그럴 것이다.,"Slowpoke is lying in the exact same spot as yesterday. It'll probably be there tomorrow, too."
냉장고가 또 열려 있었다. 망키가 소시지를 물고 나를 노려봤다.,냉장고가 또 열려 있었다. 망키가 소시지를 물고 나를 노려봤다.,The fridge was open again. Mankey glared at me with a sausage in its mouth.
니드런♀이 창밖 22번 도로 쪽을 보다가 잠들었다.,니드런♀이 창밖 22번 도로 쪽을 보다가 잠들었다.,Nidoran♀ fell asleep gazing out the window toward Route 22.
"니드런♂이 뿔로 문을 긁었다. 나가고 싶은 건지, 누구를 기다리는 건지.","니드런♂이 뿔로 문을 긁었다. 나가고 싶은 건지, 누구를 기다리는 건지.","Nidoran♂ scratched at the door with its horn. Does it want out, or is it waiting for someone?"
탕구리가 먹이를 반쯤 먹고 남겼다. 어제보다는 많이 먹었다.,탕구리가 먹이를 반쯤 먹고 남겼다. 어제보다는 많이 먹었다.,Cubone ate half its food and left the rest. That's more than yesterday.
캐이시는 여전히 잠만 잔다. 하지만 이사를 할 때마다 짐보다 먼저 새집에 가 있다.,캐이시는 여전히 잠만 잔다. 하지만 이사를 할 때마다 짐보다 먼저 새집에 가 있다.,"Abra still just sleeps. But every time I move, it's at the new place before my stuff is."
메타몽은 요즘 내 얼굴로 변신해서 대신 장을 봐 온다. 가끔 로사 얼굴로 가서 외상을 한다.,메타몽은 요즘 내 얼굴로 변신해서 대신 장을 봐 온다. 가끔 로사 얼굴로 가서 외상을 한다.,These days Ditto turns into me and does the grocery shopping. Sometimes it goes as Jessie and buys on credit.
폴리곤은 실프 연구소에 돌아가지 않았다. 내 방 단말기에서 날씨 예보를 틀어 주는 게 녀석의 일이다.,폴리곤은 실프 연구소에 돌아가지 않았다. 내 방 단말기에서 날씨 예보를 틀어 주는 게 녀석의 일이다.,Porygon never went back to the Silph lab. Its job is putting the forecast on my room's terminal.
탕구리는 한 달에 한 번 보라타운 포켓몬타워에 간다. 나도 같이 간다.,탕구리는 한 달에 한 번 보라타운 포켓몬타워에 간다. 나도 같이 간다.,"Once a month, Cubone visits the Pokémon Tower in Lavender Town. I go with it."
떠돌이 나옹은 선배네 나옹과 번갈아 우리 집 창틀에 앉는다.,떠돌이 나옹은 선배네 나옹과 번갈아 우리 집 창틀에 앉는다.,The stray Meowth and the seniors' Meowth take turns sitting on my window frame.
고라파덕은 아직도 머리가 아프다. 그래도 요즘은 같이 산책을 나간다.,고라파덕은 아직도 머리가 아프다. 그래도 요즘은 같이 산책을 나간다.,Psyduck still has a headache. But these days we go on walks together.
야돈은 이제 내 이름을 안다. 부르면 사흘쯤 뒤에 돌아본다.,야돈은 이제 내 이름을 안다. 부르면 사흘쯤 뒤에 돌아본다.,"Slowpoke knows my name now. If I call, it turns around about three days later."
망키는 여전히 냉장고를 연다. 이제는 내 몫도 꺼내 준다.,망키는 여전히 냉장고를 연다. 이제는 내 몫도 꺼내 준다.,"Mankey still opens the fridge. Now it hands me my share, too."
니드런♀은 22번 도로에서 니드런♂을 다시 만났다. 둘은 요즘 우리 집 마당에서 산다.,니드런♀은 22번 도로에서 니드런♂을 다시 만났다. 둘은 요즘 우리 집 마당에서 산다.,Nidoran♀ met Nidoran♂ again on Route 22. Now they both live in my yard.
니드런♂은 22번 도로에서 니드런♀을 다시 만났다. 둘은 요즘 우리 집 마당에서 산다.,니드런♂은 22번 도로에서 니드런♀을 다시 만났다. 둘은 요즘 우리 집 마당에서 산다.,Nidoran♂ met Nidoran♀ again on Route 22. Now they both live in my yard.
탕구리는 이제 밥을 다 먹는다. 투구는 여전히 벗지 않는다.,탕구리는 이제 밥을 다 먹는다. 투구는 여전히 벗지 않는다.,Cubone finishes all its food now. It still won't take off its skull helmet.
꼬렛,꼬렛,Rattata
22번 도로 풀숲에서 덫으로 잡았다.,22번 도로 풀숲에서 덫으로 잡았다.,Trapped in the grass on Route 22.
창고 뒤 쓰레기통을 뒤지다 잡혔다.,창고 뒤 쓰레기통을 뒤지다 잡혔다.,Caught digging through the bins behind the warehouse.
구구,구구,Pidgey
1번 도로에서 그물로 잡았다.,1번 도로에서 그물로 잡았다.,Netted on Route 1.
상록시티 공원 벤치 밑에서 모이를 쪼다 잡혔다.,상록시티 공원 벤치 밑에서 모이를 쪼다 잡혔다.,Caught pecking at crumbs under a Viridian City park bench.
깨비참,깨비참,Spearow
3번 도로. 성질이 사나우니 손 조심.,3번 도로. 성질이 사나우니 손 조심.,"Route 3. Mean temper, so mind your hands."
달맞이산 입구 전깃줄에서 떨어진 것을 주웠다.,달맞이산 입구 전깃줄에서 떨어진 것을 주웠다.,Picked up after it fell off a power line near Mt. Moon.
뚜벅쵸,뚜벅쵸,Oddish
24번 도로 풀숲에서 잡았다.,24번 도로 풀숲에서 잡았다.,Caught in the grass on Route 24.
밤중에 걸어 다니던 것을 손전등으로 비춰 잡았다.,밤중에 걸어 다니던 것을 손전등으로 비춰 잡았다.,Caught at night with a flashlight while it was walking around.
발챙이,발챙이,Poliwag
25번 도로 연못에서 그물로 건졌다.,25번 도로 연못에서 그물로 건졌다.,Netted from a pond on Route 25.
무지개시티 분수대에서 건졌다.,무지개시티 분수대에서 건졌다.,Fished out of the Celadon City fountain.
꼬마돌,꼬마돌,Geodude
달맞이산 동굴 입구에서 잡았다.,달맞이산 동굴 입구에서 잡았다.,Caught at the cave entrance on Mt. Moon.
바위산 터널에서 돌인 줄 알고 주워 왔다.,바위산 터널에서 돌인 줄 알고 주워 왔다.,Picked up in Rock Tunnel. Thought it was a rock.
주뱃,주뱃,Zubat
달맞이산 동굴에서 한꺼번에 잡았다.,달맞이산 동굴에서 한꺼번에 잡았다.,Caught in bulk in the Mt. Moon caves.
바위산 터널 천장에 매달려 있던 것을 떼어 왔다.,바위산 터널 천장에 매달려 있던 것을 떼어 왔다.,Pried off the ceiling of Rock Tunnel.
파라스,파라스,Paras
달맞이산 동굴 안쪽.,달맞이산 동굴 안쪽.,Deep inside the Mt. Moon caves.
버섯 채취꾼 바구니에 섞여 들어왔다.,버섯 채취꾼 바구니에 섞여 들어왔다.,Got mixed into a mushroom picker's basket.
콘팡,콘팡,Venonat
상록숲 가장자리.,상록숲 가장자리.,Edge of Viridian Forest.
12번 도로 가로등 밑에 모여 있던 것을 쓸어 담았다.,12번 도로 가로등 밑에 모여 있던 것을 쓸어 담았다.,Swept up from under a streetlight on Route 12.
모다피,모다피,Bellsprout
25번 도로 풀숲.,25번 도로 풀숲.,Grass on Route 25.
5번 도로 화단에 심겨 있던 것을 뽑아 왔다.,5번 도로 화단에 심겨 있던 것을 뽑아 왔다.,Pulled out of a flower bed on Route 5.
왕눈해,왕눈해,Tentacool
갈색시티 항구. 상자가 축축하다.,갈색시티 항구. 상자가 축축하다.,Vermilion Harbor. The crate is damp.
19번 수로에서 그물에 걸렸다.,19번 수로에서 그물에 걸렸다.,Caught in a net on Route 19.
두두,두두,Doduo
사이클링로드 아래.,사이클링로드 아래.,Under Cycling Road.
16번 도로 풀밭을 달리던 것을 쫓아가 잡았다.,16번 도로 풀밭을 달리던 것을 쫓아가 잡았다.,Chased down while it was running through the grass on Route 16.
셀러,셀러,Shellder
갈색시티 앞바다.,갈색시티 앞바다.,Off the coast of Vermilion City.
쌍둥이섬 해변에서 주웠다. 입을 꾹 다물고 있다.,쌍둥이섬 해변에서 주웠다. 입을 꾹 다물고 있다.,Picked up on a Seafoam Islands beach. Its shell is clamped shut.
크랩,크랩,Krabby
갈색시티 해변.,갈색시티 해변.,Vermilion City beach.
항구 어시장 수조에서 빼 왔다.,항구 어시장 수조에서 빼 왔다.,Swiped from a tank at the harbor fish market.
찌리리공,찌리리공,Voltorb
무인발전소.,무인발전소.,The Power Plant.
몬스터볼인 줄 알고 주웠다가 감전됐다고 한다.,몬스터볼인 줄 알고 주웠다가 감전됐다고 한다.,Someone picked it up thinking it was a Poké Ball and got zapped.
아라리,아라리,Exeggcute
사파리존.,사파리존.,Safari Zone.
무지개시티 청과물 시장 상자에 섞여 있었다.,무지개시티 청과물 시장 상자에 섞여 있었다.,It was mixed in with a produce crate at the Celadon market.
콘치,콘치,Goldeen
무지개시티 연못.,무지개시티 연못.,A pond in Celadon City.
4번 도로 개울에서 낚았다.,4번 도로 개울에서 낚았다.,Fished out of a stream on Route 4.
별가사리,별가사리,Staryu
블루시티 해변.,블루시티 해변.,Cerulean City beach.
밤바다에서 빛나던 것을 건졌다.,밤바다에서 빛나던 것을 건졌다.,Scooped up while it was glowing in the night sea.
모래두지,모래두지,Sandshrew
4번 도로 모래밭.,4번 도로 모래밭.,Sandy ground on Route 4.
11번 도로 공사장 모래 더미에서 파냈다.,11번 도로 공사장 모래 더미에서 파냈다.,Dug out of a sand pile at a Route 11 construction site.
망키,망키,Mankey
22번 도로.,22번 도로.,Route 22.
상록시티 과일 가게에서 사과를 훔치다 잡혔다.,상록시티 과일 가게에서 사과를 훔치다 잡혔다.,Caught stealing apples from a Viridian City fruit stand.
아보,아보,Ekans
11번 도로.,11번 도로.,Route 11.
22번 도로 풀숲에 똬리를 틀고 있었다.,22번 도로 풀숲에 똬리를 틀고 있었다.,It was lying coiled up in the Route 22 grass.
또가스,또가스,Koffing
무인발전소 근처.,무인발전소 근처.,Near the Power Plant.
무지개시티 공장 굴뚝 옆에서 잡았다.,무지개시티 공장 굴뚝 옆에서 잡았다.,Caught by a factory chimney in Celadon City.
질퍽이,질퍽이,Grimer
무지개시티 하수구.,무지개시티 하수구.,Celadon City sewers.
보라타운 폐수로에서 퍼 왔다. 냄새가 심하다.,보라타운 폐수로에서 퍼 왔다. 냄새가 심하다.,Scooped out of a Lavender Town drainage ditch. It reeks.
뿔충이,뿔충이,Weedle
상록숲.,상록숲.,Viridian Forest.
상록숲 입구 나무에서 털어 냈다.,상록숲 입구 나무에서 털어 냈다.,Shaken out of a tree at the edge of Viridian Forest.
딱충이,딱충이,Kakuna
나뭇가지에 매달린 채로 가지째 꺾어 왔다.,나뭇가지에 매달린 채로 가지째 꺾어 왔다.,Snapped off still hanging from its branch.
디그다,디그다,Diglett
디그다굴에서 파냈다. 파내는 데 반나절이 걸렸다.,디그다굴에서 파냈다. 파내는 데 반나절이 걸렸다.,Dug up in Diglett's Cave. Took half a day.
갈색시티 밭에서 고개를 내밀었다가 잡혔다.,갈색시티 밭에서 고개를 내밀었다가 잡혔다.,Caught when it popped its head up in a Vermilion City field.
알통몬,알통몬,Machop
회색시티 체육관 뒤에서 혼자 수련하던 것을 잡았다.,회색시티 체육관 뒤에서 혼자 수련하던 것을 잡았다.,Caught training alone behind the Pewter City Gym.
바위산 터널에서 바위를 나르고 있었다.,바위산 터널에서 바위를 나르고 있었다.,It was hauling boulders in Rock Tunnel.
포니타,포니타,Ponyta
17번 도로.,17번 도로.,Route 17.
사이클링로드 옆 목장 울타리를 뛰어넘다 잡혔다.,사이클링로드 옆 목장 울타리를 뛰어넘다 잡혔다.,Caught jumping a ranch fence by Cycling Road.
뿔카노,뿔카노,Rhyhorn
바위산 기슭을 들이받으며 다니던 것을 잡았다.,바위산 기슭을 들이받으며 다니던 것을 잡았다.,Caught ramming its way along the foot of a rocky mountain.
쏘드라,쏘드라,Horsea
21번 수로 해초 사이에서 건졌다.,21번 수로 해초 사이에서 건졌다.,Pulled from the seaweed on Route 21.
덩쿠리,덩쿠리,Tangela
21번 수로 풀숲.,21번 수로 풀숲.,The grass along Route 21.
보라타운 담장 덩굴인 줄 알고 걷어 왔다.,보라타운 담장 덩굴인 줄 알고 걷어 왔다.,Someone yanked it off a Lavender Town wall thinking it was ivy.
잉어킹,잉어킹,Magikarp
갈색시티 항구에서 건졌다. 튀어 오르기만 한다.,갈색시티 항구에서 건졌다. 튀어 오르기만 한다.,Netted at Vermilion Harbor. All it does is splash.
분노의 호수 낚시터에서 한 무더기 떠 왔다.,분노의 호수 낚시터에서 한 무더기 떠 왔다.,Scooped up by the bucketful at the Lake of Rage fishing spot.
고라파덕,고라파덕,Psyduck
25번 도로. 계속 머리를 감싸 쥐고 있다.,25번 도로. 계속 머리를 감싸 쥐고 있다.,Route 25. It keeps clutching its head.
블루시티 냇가에서 멍하니 서 있던 것을 데려왔다.,블루시티 냇가에서 멍하니 서 있던 것을 데려왔다.,Brought in after it was found staring blankly by a Cerulean stream.
야돈,야돈,Slowpoke
갈색시티 우물가.,갈색시티 우물가.,By a well in Vermilion City.
블루시티 냇가에서 꼬리를 드리우고 있던 것을 들고 왔다.,블루시티 냇가에서 꼬리를 드리우고 있던 것을 들고 왔다.,Picked up while it dangled its tail in a Cerulean stream.
슬리프,슬리프,Drowzee
보라타운 골목에서 잠든 아이 옆을 서성이다 잡혔다.,보라타운 골목에서 잠든 아이 옆을 서성이다 잡혔다.,Caught lurking beside a sleeping kid in a Lavender Town alley.
코일,코일,Magnemite
갈색시티 전봇대에 붙어 있던 것을 떼어 왔다.,갈색시티 전봇대에 붙어 있던 것을 떼어 왔다.,Pried off a utility pole in Vermilion City.
쥬쥬,쥬쥬,Seel
쌍둥이섬 근처 바다.,쌍둥이섬 근처 바다.,The sea near the Seafoam Islands.
갈색시티 방파제에서 낮잠을 자다 잡혔다.,갈색시티 방파제에서 낮잠을 자다 잡혔다.,Caught napping on the Vermilion City breakwater.
가디,가디,Growlithe
7번 도로. 야생 가디.,7번 도로. 야생 가디.,Route 7. A wild Growlithe.
상록시티 외곽 공터에서 떠돌던 것을 잡았다.,상록시티 외곽 공터에서 떠돌던 것을 잡았다.,Caught wandering a vacant lot outside Viridian City.
무지개시티 골목.,무지개시티 골목.,A Celadon City alley.
게임코너 뒷문에서 동전을 줍고 있었다.,게임코너 뒷문에서 동전을 줍고 있었다.,It was picking up coins by the Game Corner's back door.
피죤,피죤,Pidgeotto
6번 도로.,6번 도로.,Route 6.
무지개시티 옥상 비둘기 떼 사이에서 잡았다.,무지개시티 옥상 비둘기 떼 사이에서 잡았다.,Caught among the pigeons on a Celadon City rooftop.
슈륙챙이,슈륙챙이,Poliwhirl
25번 도로 연못 깊은 곳에서 건졌다.,25번 도로 연못 깊은 곳에서 건졌다.,Pulled from deep in a Route 25 pond.
식스테일,식스테일,Vulpix
7번 도로 풀숲.,7번 도로 풀숲.,The grass on Route 7.
홍련섬 가는 배 창고에 숨어 있었다.,홍련섬 가는 배 창고에 숨어 있었다.,It was hiding in the hold of a ferry to Cinnabar Island.
캐이시,캐이시,Abra
24번 도로에서 잠든 것을 그대로 들고 왔다.,24번 도로에서 잠든 것을 그대로 들고 왔다.,Found asleep on Route 24 and carried off as is.
노랑시티 골목에서 잠든 채 발견됐다.,노랑시티 골목에서 잠든 채 발견됐다.,Found asleep in a Saffron City alley.
출근하자마자 상자 하나가 덜컹거리더니 뚜껑이 튀어 올랐다. 꼬렛 한 마리가 창고 안을 미친 듯이 뛰어다녔다.,출근하자마자 상자 하나가 덜컹거리더니 뚜껑이 튀어 올랐다. 꼬렛 한 마리가 창고 안을 미친 듯이 뛰어다녔다.,"The moment I clocked in, a crate rattled and its lid popped off. A Rattata went tearing around the warehouse."
잡아서 상자에 다시 넣는다,잡아서 상자에 다시 넣는다,Catch it and put it back
뒷문 쪽으로 몰아서 내보낸다,뒷문 쪽으로 몰아서 내보낸다,Herd it out the back door
"하하, 쥐가 한 마리 늘었네. 보고서엔 원래부터 빈 상자였다고 쓰자.","하하, 쥐가 한 마리 늘었네. 보고서엔 원래부터 빈 상자였다고 쓰자.","Ha ha, one more rat. Let's just say the crate was empty in the report."
본사 트럭이 고장 났대. 오늘은 한 대만 온다니까 할당량이 하나 줄었어.,본사 트럭이 고장 났대. 오늘은 한 대만 온다니까 할당량이 하나 줄었어.,"HQ says a truck broke down. Only one's coming today, so the quota's down by one."
남는 시간에 창고를 청소한다 (의심도 -10),남는 시간에 창고를 청소한다 (의심도 -10),Clean the warehouse with the spare time (Suspicion -10)
선배들과 잡담을 한다,선배들과 잡담을 한다,Chat with your seniors
창고 비상식량 선반 앞에서 나옹이 참치캔 세 개를 끌어안은 채 굳어 있었다.,창고 비상식량 선반 앞에서 나옹이 참치캔 세 개를 끌어안은 채 굳어 있었다.,"At the emergency food shelf, Meowth froze, hugging three cans of tuna."
…이건 그냥 옮기던 중이었다옹. 진짜다옹.,…이건 그냥 옮기던 중이었다옹. 진짜다옹.,"...I was just movin' these, meow. Honest!"
참치캔 값을 대신 채워 넣는다 (-500원),참치캔 값을 대신 채워 넣는다 (-500원),Cover the cost of the tuna (-500 won)
"…이 은혜는 참치캔으로 갚겠다옹. 아, 그건 좀 어렵다옹.","…이 은혜는 참치캔으로 갚겠다옹. 아, 그건 좀 어렵다옹.","...I'll repay ya in tuna, meow. Wait, that might be tough."
못 본 척한다,못 본 척한다,Pretend you didn't see
어제 실적을 전화로 보고해라. 숫자만 말해.,어제 실적을 전화로 보고해라. 숫자만 말해.,Report yesterday's numbers by phone. Numbers only.
"실적을 조금 부풀려 보고한다 (의심도 -10, 아폴로의 경계 +1)","실적을 조금 부풀려 보고한다 (의심도 -10, 아폴로의 경계 +1)","Pad the numbers a little (Suspicion -10, Archer's wariness +1)"
있는 그대로 말한다,있는 그대로 말한다,Tell it straight
밤새 비가 와서 창고 지붕 한쪽이 샜다. 로사가 혼자 젖은 상자를 옮기고 있었다.,밤새 비가 와서 창고 지붕 한쪽이 샜다. 로사가 혼자 젖은 상자를 옮기고 있었다.,Rain leaked through one side of the roof overnight. Jessie was moving the wet crates all alone.
점심을 거르고 같이 옮긴다,점심을 거르고 같이 옮긴다,Skip lunch and help her
…고마워. 너 은근히 쓸 만하다.,…고마워. 너 은근히 쓸 만하다.,...Thanks. You're more useful than you look.
내 몫 상자부터 챙긴다,내 몫 상자부터 챙긴다,Take care of your own crates first
창고 문틈으로 동네 꼬마가 얼굴을 들이밀었다.,창고 문틈으로 동네 꼬마가 얼굴을 들이밀었다.,A neighborhood kid poked their face through the warehouse door.
"저기요, 혹시 여기 우리 가디 있어요? 목에 빨간 방울 달았어요.","저기요, 혹시 여기 우리 가디 있어요? 목에 빨간 방울 달았어요.","Um, is my Growlithe here? It's got a red bell on its collar."
여긴 그런 거 없다고 돌려보낸다,여긴 그런 거 없다고 돌려보낸다,Tell them there's nothing like that here
경찰서에 가서 물어보라고 귀띔한다 (수사망 +4),경찰서에 가서 물어보라고 귀띔한다 (수사망 +4),Hint that they should ask at the police station (Police Heat +4)
꼬마는 고개를 꾸벅 숙이고 경찰서 쪽으로 뛰어갔다.,꼬마는 고개를 꾸벅 숙이고 경찰서 쪽으로 뛰어갔다.,The kid bows quickly and runs off toward the police station.
…엄마가 김밥을 너무 많이 쌌어. 버리긴 아깝잖아.,…엄마가 김밥을 너무 많이 쌌어. 버리긴 아깝잖아.,...Mom packed way too much kimbap. Shame to toss it.
같이 먹는다,같이 먹는다,Eat together
맛있지? 우리 엄마 김밥이 무지개시티에서 제일이야. …아빠 빚만 없으면 가게도 차렸을 거야.,맛있지? 우리 엄마 김밥이 무지개시티에서 제일이야. …아빠 빚만 없으면 가게도 차렸을 거야.,"Good, right? My mom's kimbap is the best in Celadon. ...If it weren't for Dad's debts, she'd have opened a shop."
배불러서 괜찮다고 한다,배불러서 괜찮다고 한다,Say you're full
창고 구석에서 로이가 빗자루를 들고 혼자 대사를 읊고 있었다.,창고 구석에서 로이가 빗자루를 들고 혼자 대사를 읊고 있었다.,"In a corner, James was holding a broom and reciting lines to himself."
"'장미는 가시가 있어서 아름다운 거야!' …아, 봤어? 어릴 때 연극반이었거든.","'장미는 가시가 있어서 아름다운 거야!' …아, 봤어? 어릴 때 연극반이었거든.","""A rose is beautiful because of its thorns!"" ...Oh, you saw that? I was in drama club as a kid."
관객이 되어 박수를 쳐 준다,관객이 되어 박수를 쳐 준다,Be his audience and applaud
일이나 하자고 한다,일이나 하자고 한다,Tell him to get back to work
오전 내내 창고가 정전이었다. 감시 카메라도 꺼져 있었다.,오전 내내 창고가 정전이었다. 감시 카메라도 꺼져 있었다.,The warehouse lost power all morning. The security cameras were down too.
이 틈에 뒷문 빗장을 풀어 둔다 (오늘 처음 풀어주는 한 마리는 의심받지 않는다),이 틈에 뒷문 빗장을 풀어 둔다 (오늘 처음 풀어주는 한 마리는 의심받지 않는다),Unbolt the back door while you can (today's first release won't raise suspicion)
전기가 들어올 때까지 가만히 기다린다,전기가 들어올 때까지 가만히 기다린다,Wait quietly for the power to come back
상자 사이에서 야생 꼬렛 떼가 쏟아져 나왔다. 사료 포대를 노리고 들어온 모양이었다.,상자 사이에서 야생 꼬렛 떼가 쏟아져 나왔다. 사료 포대를 노리고 들어온 모양이었다.,A swarm of wild Rattata poured out from between the crates. They must've been after the feed sacks.
빗자루로 쫓아낸다 (해충 퇴치 수당 +300원),빗자루로 쫓아낸다 (해충 퇴치 수당 +300원),Chase them out with a broom (pest control bonus +300 won)
사료를 조금 나눠 주고 내보낸다,사료를 조금 나눠 주고 내보낸다,Give them a little feed and let them go
내 검수 책상 위에 쪽지가 놓여 있었다. '너를 보고 있다. -A',내 검수 책상 위에 쪽지가 놓여 있었다. '너를 보고 있다. -A',"There was a note on my inspection desk. ""I'm watching you. -A"""
쪽지를 찢어 버린다,쪽지를 찢어 버린다,Tear up the note
"오늘은 보고서를 더 꼼꼼히 쓴다 (의심도 -8, 할당량 +1)","오늘은 보고서를 더 꼼꼼히 쓴다 (의심도 -8, 할당량 +1)","Write today's report extra carefully (Suspicion -8, quota +1)"
창고 문에 전단이 붙어 있었다. '솜이를 찾습니다.' 아이 글씨로 '이 근처에서 봤다는 사람이 있어요'라고 덧붙여 있었다.,창고 문에 전단이 붙어 있었다. '솜이를 찾습니다.' 아이 글씨로 '이 근처에서 봤다는 사람이 있어요'라고 덧붙여 있었다.,"A flyer was taped to the warehouse door: ""Looking for Fluffy."" In a child's handwriting: ""Someone saw her near here."""
전단을 떼어 버린다 (수사망 -3),전단을 떼어 버린다 (수사망 -3),Tear down the flyer (Police Heat -3)
그대로 둔다 (수사망 +3),그대로 둔다 (수사망 +3),Leave it up (Police Heat +3)
수감된 로사,수감된 로사,Jessie Behind Bars
기록을 쫓는 잔당 간부,기록을 쫓는 잔당 간부,The Remnant Exec on the Paper Trail
설산의 모녀,설산의 모녀,Mother and Daughter in the Snow
텅 빈 오두막,텅 빈 오두막,The Empty Cabin
기록을 찾아 떠돌다,기록을 찾아 떠돌다,Drifting in Search of the Records
실패하는 로켓단,실패하는 로켓단,"Team Rocket, Failing as Usual"
다섯 번째 식구,다섯 번째 식구,The Fifth Family Member
또 도망친 신랑,또 도망친 신랑,The Groom Who Ran Again
실패가 좋은 로이,실패가 좋은 로이,"James, Happy to Fail"
성도의 인질,성도의 인질,Hostage in Johto
변호사를 거절한 청년,변호사를 거절한 청년,The Kid Who Refused a Lawyer
대장을 찾아서,대장을 찾아서,Searching for Captain
항구의 파란 머리,항구의 파란 머리,Blue Hair at the Harbor
대장과 함께,대장과 함께,Together with Captain
돌아가는 것도 도망은 아니다,돌아가는 것도 도망은 아니다,Going Home Isn't Running Away
빚 없는 보리네,빚 없는 보리네,"Barley's Family, Debt-Free"
돌려준 차례,돌려준 차례,Your Turn to Be Given Back
피해자이자 공범,피해자이자 공범,Victim and Accomplice
실적 1등 잔당,실적 1등 잔당,Top-Performing Remnant
보호소의 세나,보호소의 세나,Sena at the Shelter
편의점 야간 알바,편의점 야간 알바,Night Shift at the Convenience Store
삼인조의 나옹,삼인조의 나옹,Meowth of the Trio
골목의 두 나옹,골목의 두 나옹,Two Meowth in the Alley
혼자 떠도는 나옹,혼자 떠도는 나옹,"Meowth, Drifting Alone"
난로 앞 자리,난로 앞 자리,A Seat by the Stove
선글라스를 낀 꼬부기가 풀밭에 들렀다. 소방대 배지를 반짝이며 경례를 하고 갔다.,선글라스를 낀 꼬부기가 풀밭에 들렀다. 소방대 배지를 반짝이며 경례를 하고 갔다.,"A Squirtle in sunglasses stopped by the meadow. It flashed its fire squad badge, saluted, and left."
풀숲에서 캐터피 한 마리가 고개를 내밀었다. 목에 낡은 쪽지 자국이 있었다. 초록이였다. 녀석은 한참 나를 보다가 상록숲 쪽으로 기어갔다.,풀숲에서 캐터피 한 마리가 고개를 내밀었다. 목에 낡은 쪽지 자국이 있었다. 초록이였다. 녀석은 한참 나를 보다가 상록숲 쪽으로 기어갔다.,"A Caterpie poked its head out of the grass. There was a worn mark on its neck where a note had been. It was Greenie. It stared at me a long while, then crawled off toward Viridian Forest."
경찰견 3호가 순찰 중에 풀밭을 지나갔다. 킁킁거리더니 모른 척하고 가 버렸다. 순경에게도 아무 말 하지 않은 것 같다.,경찰견 3호가 순찰 중에 풀밭을 지나갔다. 킁킁거리더니 모른 척하고 가 버렸다. 순경에게도 아무 말 하지 않은 것 같다.,"Police dog No. 3 passed the meadow on patrol. It sniffed around, then pretended not to notice and left. It doesn't seem to have told the Officer anything."
분홍 리본을 단 이브이가 풀밭 가장자리에서 한참 나를 보다가 무지개시티 쪽으로 돌아갔다.,분홍 리본을 단 이브이가 풀밭 가장자리에서 한참 나를 보다가 무지개시티 쪽으로 돌아갔다.,"An Eevee with a pink ribbon watched me from the edge of the meadow for a long time, then headed back toward Celadon City."
구구가 다리에 새 쪽지를 묶고 날아왔다. '편지 고마워요. 갈색시티에서.' 쪽지 안에 500원짜리 동전이 끼워져 있었다.,구구가 다리에 새 쪽지를 묶고 날아왔다. '편지 고마워요. 갈색시티에서.' 쪽지 안에 500원짜리 동전이 끼워져 있었다.,"A Pidgey flew in with a new note on its leg. ""Thanks for the letter. From Vermilion City."" Tucked inside was a 500-won coin."
떠돌이 나옹이 선배네 나옹과 나란히 풀밭을 지나갔다. 선배네 나옹이 나를 보고 앞발을 들어 보였다.,떠돌이 나옹이 선배네 나옹과 나란히 풀밭을 지나갔다. 선배네 나옹이 나를 보고 앞발을 들어 보였다.,The stray Meowth walked through the meadow side by side with the senior's Meowth. The senior's Meowth raised a paw at me.
창고 앞 도랑에 미뇽 한 마리가 꼬리를 흔들고 있었다. 사파리존까지 가는 길에 들렀나 보다.,창고 앞 도랑에 미뇽 한 마리가 꼬리를 흔들고 있었다. 사파리존까지 가는 길에 들렀나 보다.,A Dratini was wagging its tail in the ditch outside the warehouse. It must have stopped by on its way to the Safari Zone.
필살 앞니,필살 앞니,Hyper Fang
뼈다귀 부메랑,뼈다귀 부메랑,Bonemerang
변신,변신,Transform
순간이동,순간이동,Teleport
록온,록온,Lock-On
고양이돈받기,고양이돈받기,Pay Day
염동력,염동력,Confusion
하품,하품,Yawn
난동부리기,난동부리기,Thrash
두번치기,두번치기,Double Kick
1주차 월요일,1주차 월요일,Week 1 · Monday
상자를 열어 확인하고 본사 트럭에 실을 것. 오늘 할당량은 4마리.,상자를 열어 확인하고 본사 트럭에 실을 것. 오늘 할당량은 4마리.,"Open the crates, check them, and load them onto the HQ truck. Today's quota: 4."
[본사 지침] 상자는 전부 본사로 보낸다. 빈 상자는 보고서에 사유를 적는다.,[본사 지침] 상자는 전부 본사로 보낸다. 빈 상자는 보고서에 사유를 적는다.,"[HQ Guidelines] All crates go to HQ. For empty crates, state the reason in your report."
"[상록일보] 무지개시티 하나(9) 양, 사라진 이브이 '솜이'를 찾는 전단 300장을 붙여. ""분홍 리본을 달고 있어요.""","[상록일보] 무지개시티 하나(9) 양, 사라진 이브이 '솜이'를 찾는 전단 300장을 붙여. ""분홍 리본을 달고 있어요.""","[Viridian Daily] Celadon City girl Hana (9) posts 300 flyers for her missing Eevee, ""Fluffy."" ""She's wearing a pink ribbon."""
이브이,이브이,Eevee
무지개시티 주택가의 어느 집 마당에서 데려왔다.,무지개시티 주택가의 어느 집 마당에서 데려왔다.,Taken from a backyard in a Celadon City neighborhood.
분홍 리본을 달고 있다. 이름표에 '솜이'라고 적혀 있다.,분홍 리본을 달고 있다. 이름표에 '솜이'라고 적혀 있다.,"Wears a pink ribbon. Its name tag says ""Fluffy."""
피카츄,피카츄,Pikachu
무인발전소 근처에서 잡은 야생 개체. 만질 때 전기 조심.,무인발전소 근처에서 잡은 야생 개체. 만질 때 전기 조심.,"Wild, caught near the Power Plant. Watch for shocks when handling."
"[상록일보] 상록숲에서 캐터피를 찾던 초등학생 민수 군, 밤늦게 길을 잃었다가 구조돼.","[상록일보] 상록숲에서 캐터피를 찾던 초등학생 민수 군, 밤늦게 길을 잃었다가 구조돼.","[Viridian Daily] Schoolboy Minsu, searching Viridian Forest for his Caterpie, rescued after getting lost late at night."
캐터피,캐터피,Caterpie
상록숲에서 벌레잡이 소년에게서 '넘겨받았다'.,상록숲에서 벌레잡이 소년에게서 '넘겨받았다'.,"""Handed over"" by a Bug Catcher in Viridian Forest."
삐뚤빼뚤한 글씨의 쪽지가 붙어 있다. '제 첫 포켓몬이에요. 이름은 초록이에요. 돌려주세요. 민수',삐뚤빼뚤한 글씨의 쪽지가 붙어 있다. '제 첫 포켓몬이에요. 이름은 초록이에요. 돌려주세요. 민수',"A note in wobbly handwriting is attached. ""This is my first Pokémon. His name is Greenie. Please give him back. Minsu"""
순찰하던 경찰관 곁에서 떨어져 나온 개체.,순찰하던 경찰관 곁에서 떨어져 나온 개체.,Separated from a patrolling police officer.
경찰 인식표를 차고 있다. '상록시티 경찰서 3호',경찰 인식표를 차고 있다. '상록시티 경찰서 3호',"Wears a police tag: ""Viridian City Police, No. 3."""
1주차 · 입사,1주차 · 입사,Week 1 · First Day
로켓단 합격 문자를 받은 건 지난주였다. 그때 월세는 이미 넉 달째 밀려 있었다.,로켓단 합격 문자를 받은 건 지난주였다. 그때 월세는 이미 넉 달째 밀려 있었다.,"The Team Rocket acceptance text came last week. By then, rent was already four months overdue."
첫 출근지는 상록시티 외곽에 있는 낡은 창고였다.,첫 출근지는 상록시티 외곽에 있는 낡은 창고였다.,My first workplace was a run-down warehouse on the outskirts of Viridian City.
"창고 문을 여는 순간 이상한 기분이 들었다. 이 문도, 이 냄새도, 한 번 겪어 본 것만 같았다.","창고 문을 여는 순간 이상한 기분이 들었다. 이 문도, 이 냄새도, 한 번 겪어 본 것만 같았다.","The moment I opened the door, a strange feeling came over me. This door, this smell... it all felt like I'd been here before."
"네가 이번에 들어온 신입이구나. 난 로사, 이쪽은 로이야. 오늘부터 우리가 네 사수야.","네가 이번에 들어온 신입이구나. 난 로사, 이쪽은 로이야. 오늘부터 우리가 네 사수야.","So you're the new hire. I'm Jessie, and this is James. Starting today, we're your supervisors."
반가워. 너무 긴장하지 마. 여기 일은 어렵지 않아.,반가워. 너무 긴장하지 마. 여기 일은 어렵지 않아.,Nice to meet you. Don't be so nervous. The work here isn't hard.
나는 나옹이다옹. 말하는 나옹은 처음 보지? 놀라는 건 일 끝나고 하라옹.,나는 나옹이다옹. 말하는 나옹은 처음 보지? 놀라는 건 일 끝나고 하라옹.,"I'm Meowth, meow. Never seen a talkin' Meowth before? Save the shock for after work, meow."
일은 간단해. 현장 팀이 잡아 온 포켓몬이 상자에 담겨서 들어와. 상자를 열어 상태를 보고 본사 트럭에 실으면 끝이야.,일은 간단해. 현장 팀이 잡아 온 포켓몬이 상자에 담겨서 들어와. 상자를 열어 상태를 보고 본사 트럭에 실으면 끝이야.,"It's simple. The field team's catches come in crates. Open 'em, check their condition, load 'em on the HQ truck. Done."
오늘 할당량은 네 마리야. 못 채우면 일당이 깎이니까 알아서 잘해.,오늘 할당량은 네 마리야. 못 채우면 일당이 깎이니까 알아서 잘해.,"Today's quota is four. Miss it and your pay gets docked, so handle it."
…그리고 상자에 가끔 편지나 이름표 같은 게 같이 딸려 와.,…그리고 상자에 가끔 편지나 이름표 같은 게 같이 딸려 와.,"...Also, sometimes letters or name tags come in the crates with them."
그런 건 그냥 안 읽는 게 편해. 진짜로.,그런 건 그냥 안 읽는 게 편해. 진짜로.,"Honestly, it's easier if you just don't read them."
"로이, 신입한테 쓸데없는 소리 하지 마. 자, 트럭 오기 전에 시작하자.","로이, 신입한테 쓸데없는 소리 하지 마. 자, 트럭 오기 전에 시작하자.","James, stop filling the new hire's head with nonsense. Come on, let's start before the truck gets here."
…어? 상자 수가 안 맞는데. 아침에 여섯 개 들어왔잖아.,…어? 상자 수가 안 맞는데. 아침에 여섯 개 들어왔잖아.,...Huh? The crate count's off. Six came in this morning.
"아, 아까 쥐가 상자 하나를 갉아 놨더라고. 안에 아무것도 없었어.","아, 아까 쥐가 상자 하나를 갉아 놨더라고. 안에 아무것도 없었어.","Oh, a rat chewed through one earlier. There was nothing inside."
쥐가 포켓몬을 물고 갔다는 거야? …됐어. 보고서엔 그렇게 쓸게.,쥐가 포켓몬을 물고 갔다는 거야? …됐어. 보고서엔 그렇게 쓸게.,A rat ran off with a Pokémon? ...Fine. That's what I'll put in the report.
첫날인데 손이 빠르네. 본사가 좋아하겠어.,첫날인데 손이 빠르네. 본사가 좋아하겠어.,Fast hands for a first day. HQ's gonna love you.
"원룸 문 앞에 집주인의 쪽지가 붙어 있었다. '밀린 월세 42,000원. 이번 주 금요일에 12,000원, 그다음부터는 매주 15,000원씩.'","원룸 문 앞에 집주인의 쪽지가 붙어 있었다. '밀린 월세 42,000원. 이번 주 금요일에 12,000원, 그다음부터는 매주 15,000원씩.'","A note from the landlord was stuck to the apartment door. ""Back rent: 42,000 won. 12,000 won this Friday, then 15,000 won every week after."""
선반 위에는 빈 몬스터볼이 하나 놓여 있다. 올봄 태초마을 오박사 연구소에서 받아 온 것이다.,선반 위에는 빈 몬스터볼이 하나 놓여 있다. 올봄 태초마을 오박사 연구소에서 받아 온 것이다.,On the shelf sits an empty Poké Ball. I got it this spring from Professor Oak's lab in Pallet Town.
"그해 연구소에 첫 포켓몬은 세 마리뿐이었다. 두 마리는 옆집 애와 오박사의 손자가 가져갔고, 남은 한 마리는 내 차례였다.","그해 연구소에 첫 포켓몬은 세 마리뿐이었다. 두 마리는 옆집 애와 오박사의 손자가 가져갔고, 남은 한 마리는 내 차례였다.","That year, the lab had only three starter Pokémon. The kid next door and Oak's grandson took two. The last one was mine."
서류에는 보호자 도장이 필요했다. 아버지는 끝내 도장을 찍어 주지 않았다. 나는 그 길로 집을 나와 도시로 왔다.,서류에는 보호자 도장이 필요했다. 아버지는 끝내 도장을 찍어 주지 않았다. 나는 그 길로 집을 나와 도시로 왔다.,The paperwork needed a guardian's stamp. My father never gave it. I left home right then and came to the city.
잠들기 전에 쪽지에 적힌 이름이 자꾸 떠올랐다. 초록이는 상록숲까지 혼자 잘 찾아갔을까.,잠들기 전에 쪽지에 적힌 이름이 자꾸 떠올랐다. 초록이는 상록숲까지 혼자 잘 찾아갔을까.,"Before falling asleep, the name on that note kept coming back. Did Greenie make it back to Viridian Forest all right?"
잠들기 전에 쪽지에 적힌 이름이 자꾸 떠올랐다. 민수라는 아이는 오늘 밤에도 숲에서 초록이를 부르고 있을까.,잠들기 전에 쪽지에 적힌 이름이 자꾸 떠올랐다. 민수라는 아이는 오늘 밤에도 숲에서 초록이를 부르고 있을까.,"Before falling asleep, the name on that note kept coming back. Is that boy Minsu out in the forest tonight, still calling for Greenie?"
1주차 화요일,1주차 화요일,Week 1 · Tuesday
아픈 포켓몬은 반품된다. 아픈 녀석은 트럭 말고 뒷문 폐기함으로. (폐기는 의심받지 않는다),아픈 포켓몬은 반품된다. 아픈 녀석은 트럭 말고 뒷문 폐기함으로. (폐기는 의심받지 않는다),"Sick Pokémon get sent back. Put sick ones in the disposal bin by the back door, not the truck. (Disposal raises no suspicion.)"
"[본사 공지] 병든 개체는 반품하고, 반품 한 마리당 일당 500원 차감.","[본사 공지] 병든 개체는 반품하고, 반품 한 마리당 일당 500원 차감.",[HQ Notice] Sick specimens will be returned. 500 won docked from daily pay per return.
[증상표] 열이 남 · 기침 · 먹지 않음 · 목이 쉼 → 병든 개체,[증상표] 열이 남 · 기침 · 먹지 않음 · 목이 쉼 → 병든 개체,[Symptom Chart] Fever · Coughing · Not eating · Hoarse voice → Sick specimen
"다리에 쪽지가 묶여 있다. '여보, 이번 항해만 끝나면 꼭 집에 갈게. 상트앤 호에서.'","다리에 쪽지가 묶여 있다. '여보, 이번 항해만 끝나면 꼭 집에 갈게. 상트앤 호에서.'","A note is tied to its leg. ""Honey, once this voyage is over, I'm coming home. From the S.S. Anne."""
"[상록일보] 갈색시티의 한 부인, 반년 만에 남편 편지 받아. ""구구가 창문을 두드렸어요.""","[상록일보] 갈색시티의 한 부인, 반년 만에 남편 편지 받아. ""구구가 창문을 두드렸어요.""","[Viridian Daily] Vermilion City woman receives letter from husband after half a year. ""A Pidgey tapped on my window."""
"[상록일보] 상트앤 호 선원 가족들 ""배에서 보낸 전서구가 한 마리도 도착하지 않는다.""","[상록일보] 상트앤 호 선원 가족들 ""배에서 보낸 전서구가 한 마리도 도착하지 않는다.""","[Viridian Daily] S.S. Anne crew families: ""Not one of the carrier birds sent from the ship has arrived."""
푸린,푸린,Jigglypuff
달맞이산 입구에서 노래를 부르다가 잡혔다.,달맞이산 입구에서 노래를 부르다가 잡혔다.,Caught singing at the entrance to Mt. Moon.
목이 잔뜩 쉬어 있다. 만져 보니 몸이 뜨겁다.,목이 잔뜩 쉬어 있다. 만져 보니 몸이 뜨겁다.,Its voice is completely hoarse. It feels hot to the touch.
푸린(열병),푸린(열병),Jigglypuff (Fever)
[상록일보] 보라타운 창고 화재에 꼬부기 소방대 출동. 늘 다섯이던 대열에 한 자리가 비어 있었다.,[상록일보] 보라타운 창고 화재에 꼬부기 소방대 출동. 늘 다섯이던 대열에 한 자리가 비어 있었다.,[Viridian Daily] Squirtle Squad responds to Lavender Town warehouse fire. Their usual line of five had one spot empty.
꼬부기,꼬부기,Squirtle
주인 없는 꼬부기 무리에서 떨어진 한 마리를 데려왔다.,주인 없는 꼬부기 무리에서 떨어진 한 마리를 데려왔다.,Brought in after it strayed from a group of ownerless Squirtle.
까만 선글라스를 끼고 있다. 벗기려고 하면 운다.,까만 선글라스를 끼고 있다. 벗기려고 하면 운다.,Wears black sunglasses. Cries if you try to take them off.
삐삐,삐삐,Clefairy
달맞이산 아래 어느 할머니 집 창가에서 데려왔다.,달맞이산 아래 어느 할머니 집 창가에서 데려왔다.,Taken from a windowsill at an old lady's house below Mt. Moon.
손뜨개 목도리를 두르고 있다. 쉬지 않고 기침을 한다.,손뜨개 목도리를 두르고 있다. 쉬지 않고 기침을 한다.,Wrapped in a hand-knit scarf. It won't stop coughing.
삐삐(감기),삐삐(감기),Clefairy (Cold)
1주차 화요일 · 반품,1주차 화요일 · 반품,Week 1 · Tuesday · Returns
"[상록일보] 상록시티 경찰서 경찰견 '3호' 순찰 중 실종. 경찰, 포켓몬 도둑 조직 소행으로 보고 수사 착수.","[상록일보] 상록시티 경찰서 경찰견 '3호' 순찰 중 실종. 경찰, 포켓몬 도둑 조직 소행으로 보고 수사 착수.","[Viridian Daily] Viridian City police dog ""No. 3"" goes missing on patrol. Police suspect a Pokémon theft ring."
"[상록일보] 실종됐던 경찰견 '3호', 하룻밤 만에 혼자 경찰서로 돌아와. ""문 앞에 얌전히 앉아 있더라.""","[상록일보] 실종됐던 경찰견 '3호', 하룻밤 만에 혼자 경찰서로 돌아와. ""문 앞에 얌전히 앉아 있더라.""","[Viridian Daily] Missing police dog ""No. 3"" returns to the station on its own overnight. ""It was just sitting politely by the door."""
"[상록일보] 태초마을 출신 소년 트레이너, 회색시티 체육관 관장 웅을 꺾어. 올봄 오박사에게 첫 포켓몬을 받은 신인.","[상록일보] 태초마을 출신 소년 트레이너, 회색시티 체육관 관장 웅을 꺾어. 올봄 오박사에게 첫 포켓몬을 받은 신인.",[Viridian Daily] Boy trainer from Pallet Town defeats Pewter City Gym Leader Brock. A rookie who got his first Pokémon from Professor Oak this spring.
옆집 애 이야기였다. 모자를 늘 눌러쓰고 말수가 없던 애. 그 애는 벌써 배지를 모으고 있었다.,옆집 애 이야기였다. 모자를 늘 눌러쓰고 말수가 없던 애. 그 애는 벌써 배지를 모으고 있었다.,"It was the kid next door. Always had his cap pulled low, never said much. And he was already collecting Badges."
본사에서 공지 왔어. 어제 다른 창고에서 보낸 푸린이 병이 나서 반품됐대.,본사에서 공지 왔어. 어제 다른 창고에서 보낸 푸린이 병이 나서 반품됐대.,"HQ sent a notice. A Jigglypuff another warehouse shipped yesterday got sick, so it was returned."
그래서 오늘부터 아픈 포켓몬은 트럭에 싣지 말고 뒷문 폐기함에 넣으래. 반품되면 그만큼 일당에서 깎을 거래.,그래서 오늘부터 아픈 포켓몬은 트럭에 싣지 말고 뒷문 폐기함에 넣으래. 반품되면 그만큼 일당에서 깎을 거래.,"So starting today, sick Pokémon don't go on the truck. They go in the disposal bin by the back door. Any returns come out of our daily pay."
폐기함이라고 해도 별거 없어. 뒷문 옆에 있는 커다란 통이야.,폐기함이라고 해도 별거 없어. 뒷문 옆에 있는 커다란 통이야.,Don't let the name scare you. It's just a big bin next to the back door.
나중에 보니 폐기함은 바닥이 뚫린 통이었다. 뚜껑을 열면 그냥 바깥 풀밭이었다.,나중에 보니 폐기함은 바닥이 뚫린 통이었다. 뚜껑을 열면 그냥 바깥 풀밭이었다.,"Later I found out the disposal bin had no bottom. Open the lid, and it was just the meadow outside."
본사는 아픈 녀석을 치료해 줄 돈이 아깝다는 거다옹. 결국 풀어주라는 소리랑 같다옹.,본사는 아픈 녀석을 치료해 줄 돈이 아깝다는 거다옹. 결국 풀어주라는 소리랑 같다옹.,"HQ doesn't want to pay to treat the sick ones, meow. So it's the same as saying ""let them go."""
삐삐가 반품됐다고? 기침하던 그 녀석 말이지…. 본사에서 돌아온 상자는 폐기함으로 가. 그나마 다행이네.,삐삐가 반품됐다고? 기침하던 그 녀석 말이지…. 본사에서 돌아온 상자는 폐기함으로 가. 그나마 다행이네.,"The Clefairy got returned? The one that was coughing, right…? Crates that come back from HQ go in the disposal bin. That's something, at least."
선글라스 낀 꼬부기 봤어? 뒷문 밖에서 친구들이 데리러 왔더라. 다섯 마리가 전부 선글라스를 끼고 있었어.,선글라스 낀 꼬부기 봤어? 뒷문 밖에서 친구들이 데리러 왔더라. 다섯 마리가 전부 선글라스를 끼고 있었어.,Did you see the Squirtle with the sunglasses? Its friends came to get it out back. All five of them were wearing sunglasses.
저 녀석들 보라타운 쪽에서 불 끄는 걸 돕는다던데. 꼬부기 소방대라나.,저 녀석들 보라타운 쪽에서 불 끄는 걸 돕는다던데. 꼬부기 소방대라나.,"I hear they help put out fires over by Lavender Town. The Squirtle Squad, or something."
퇴근길에 달맞이산 쪽을 올려다봤다. 목도리를 두른 삐삐는 할머니 집까지 갈 수 있을까.,퇴근길에 달맞이산 쪽을 올려다봤다. 목도리를 두른 삐삐는 할머니 집까지 갈 수 있을까.,"On the way home, I looked up toward Mt. Moon. I wonder if the Clefairy in the scarf can make it back to that old lady's house."
1주차 수요일,1주차 수요일,Week 1 · Wednesday
감사관 아폴로가 와 있다. 오늘은 풀어주면 의심도가 두 배로 오른다.,감사관 아폴로가 와 있다. 오늘은 풀어주면 의심도가 두 배로 오른다.,Auditor Archer is here. Releasing today doubles your Suspicion gain.
[감사 안내] 본사 감사관 아폴로 방문. 뒷문 출입 기록을 확인한다.,[감사 안내] 본사 감사관 아폴로 방문. 뒷문 출입 기록을 확인한다.,[Audit Notice] HQ auditor Archer is visiting. Back door records will be checked.
비닐 증명서가 딸려 있다. '금빛 잉어킹. 언젠가 반드시 갸라도스가 됩니다. 판매가 500원.',비닐 증명서가 딸려 있다. '금빛 잉어킹. 언젠가 반드시 갸라도스가 됩니다. 판매가 500원.',"Comes with a laminated certificate: ""Golden Magikarp. Guaranteed to become a Gyarados someday. Price: 500 won."""
"[상록일보] 분노의 호수 낚시꾼들 ""요즘 유난히 번쩍이는 잉어킹이 있다.""","[상록일보] 분노의 호수 낚시꾼들 ""요즘 유난히 번쩍이는 잉어킹이 있다.""","[Viridian Daily] Lake of Rage anglers: ""There's been an unusually shiny Magikarp around lately."""
탕구리,탕구리,Cubone
보라타운 외곽에서 혼자 울고 있던 것을 데려왔다.,보라타운 외곽에서 혼자 울고 있던 것을 데려왔다.,Found crying alone on the outskirts of Lavender Town.
뼈로 된 투구를 쓰고 있다. 벗기려고 하면 몹시 날뛴다.,뼈로 된 투구를 쓰고 있다. 벗기려고 하면 몹시 날뛴다.,Wears a helmet made of bone. Goes wild if you try to take it off.
"[상록일보] 브리더 협회, 회원 집에서 사라진 식스테일을 찾는다며 사례금을 걸어.","[상록일보] 브리더 협회, 회원 집에서 사라진 식스테일을 찾는다며 사례금을 걸어.",[Viridian Daily] Breeders' Association offers a reward for a Vulpix missing from a member's home.
어느 브리더의 집 마당에서 데려왔다.,어느 브리더의 집 마당에서 데려왔다.,Taken from a breeder's front yard.
브리더 협회 인증 목걸이를 차고 있다. 뒷면에 주인 연락처가 새겨져 있다.,브리더 협회 인증 목걸이를 차고 있다. 뒷면에 주인 연락처가 새겨져 있다.,Wears a Breeders' Association certified collar. The owner's contact info is engraved on the back.
아픈 건 아니다. 원래 그런 녀석이다. 갈 데가 있어 보이지도 않는다.,아픈 건 아니다. 원래 그런 녀석이다. 갈 데가 있어 보이지도 않는다.,"It's not sick. It's just like that. Doesn't look like it has anywhere to go, either."
계속 자고 있다. 그런데 상자를 열 때마다 안에서 자리가 조금씩 바뀌어 있다.,계속 자고 있다. 그런데 상자를 열 때마다 안에서 자리가 조금씩 바뀌어 있다.,"It keeps sleeping. But every time I open the crate, it's shifted a little."
1주차 수요일 · 감사,1주차 수요일 · 감사,Week 1 · Wednesday · Audit
오늘은 본사에서 감사관이 와. 아폴로 간부님이야.,오늘은 본사에서 감사관이 와. 아폴로 간부님이야.,An auditor's coming from HQ today. Executive Archer.
그분 있는 동안에는 뒷문 근처에 얼씬도 하지 마. 뒤통수에도 눈이 달린 사람이야.,그분 있는 동안에는 뒷문 근처에 얼씬도 하지 마. 뒤통수에도 눈이 달린 사람이야.,"While he's here, don't go anywhere near the back door. That man has eyes in the back of his head."
"네가 신입인가. 로사와 로이 밑으로 들어왔다니, 운이 없군.","네가 신입인가. 로사와 로이 밑으로 들어왔다니, 운이 없군.",So you're the new hire. Stuck under Jessie and James? Unlucky.
이 창고는 실적이 늘 바닥이다. 상자가 자꾸 비어서 올라오거든. 오늘은 내가 직접 지켜보겠다.,이 창고는 실적이 늘 바닥이다. 상자가 자꾸 비어서 올라오거든. 오늘은 내가 직접 지켜보겠다.,"This warehouse's numbers are always rock-bottom. Too many crates arrive empty. Today, I'll be watching personally."
"그리고 오늘부터 무지개시티 창고에서 한 명이 옮겨 온다. 세나, 인사해.","그리고 오늘부터 무지개시티 창고에서 한 명이 옮겨 온다. 세나, 인사해.","Also, someone's transferring in from the Celadon City warehouse today. Sena, introduce yourself."
세나야. 너랑 같은 달에 들어왔어. 무지개시티 창고에서는 석 달 연속 실적 1등이었고.,세나야. 너랑 같은 달에 들어왔어. 무지개시티 창고에서는 석 달 연속 실적 1등이었고.,I'm Sena. I started the same month as you. Top numbers at the Celadon warehouse three months running.
나는 간부가 돼야 해. 본사가 간부가 되면 우리 아빠 빚을 대신 갚아 준다고 약속했거든. 그러니까 발목 잡지 마.,나는 간부가 돼야 해. 본사가 간부가 되면 우리 아빠 빚을 대신 갚아 준다고 약속했거든. 그러니까 발목 잡지 마.,"I have to make Executive. HQ promised that if I do, they'll pay off my dad's debt. So don't slow me down."
그리고 요즘 경찰이 이 근처를 캐묻고 다닌다. 누가 경찰견을 건드린 모양이더군.,그리고 요즘 경찰이 이 근처를 캐묻고 다닌다. 누가 경찰견을 건드린 모양이더군.,And the police have been sniffing around here lately. Seems someone messed with a police dog.
"퇴근 직전, 뒷문 쪽에서 부스럭거리는 소리가 들렸다.","퇴근 직전, 뒷문 쪽에서 부스럭거리는 소리가 들렸다.","Right before clocking out, I heard rustling by the back door."
가 보니 로이가 자기 몫의 상자에서 꺼낸 발챙이를 연못 쪽으로 내보내고 있었다.,가 보니 로이가 자기 몫의 상자에서 꺼낸 발챙이를 연못 쪽으로 내보내고 있었다.,I went to look. James was letting a Poliwag from his own crates out toward the pond.
…봤구나.,…봤구나.,…So you saw.
이 창고 실적이 왜 늘 바닥인지 이제 알겠지. 로사도 나도 매일 몇 마리씩 이렇게 내보내.,이 창고 실적이 왜 늘 바닥인지 이제 알겠지. 로사도 나도 매일 몇 마리씩 이렇게 내보내.,Now you know why this warehouse's numbers are always bad. Jessie and I let a few go like this every day.
"아폴로 간부님한테 말해도 돼. 그럼 너는 제보 수당을 받고, 나는 아마 다른 창고로 쫓겨나겠지. 네가 정해.","아폴로 간부님한테 말해도 돼. 그럼 너는 제보 수당을 받고, 나는 아마 다른 창고로 쫓겨나겠지. 네가 정해.","You can tell Executive Archer. You'd get an informant bonus, and I'd probably get shipped off to another warehouse. Your call."
"아폴로에게 알린다 (제보 수당 2,000원)","아폴로에게 알린다 (제보 수당 2,000원)","Tell Archer (2,000 won informant bonus)"
…고마워. 내일 저녁은 내가 살게.,…고마워. 내일 저녁은 내가 살게.,…Thanks. Dinner's on me tomorrow.
"로이가? 역시 그랬군. 수고했다, 신입. 제보 수당은 오늘 일당에 얹어 주지.","로이가? 역시 그랬군. 수고했다, 신입. 제보 수당은 오늘 일당에 얹어 주지.","James, was it? I knew it. Good work, rookie. I'll add the informant bonus to today's pay."
로이는 그날 밤 짐을 싸서 무지개시티 창고로 옮겨 갔다. 로사는 퇴근할 때까지 나에게 한마디도 하지 않았다.,로이는 그날 밤 짐을 싸서 무지개시티 창고로 옮겨 갔다. 로사는 퇴근할 때까지 나에게 한마디도 하지 않았다.,"That night, James packed up and moved to the Celadon warehouse. Jessie didn't say a word to me until closing."
잘했어. 이런 데서는 먼저 말하는 사람이 사는 거야.,잘했어. 이런 데서는 먼저 말하는 사람이 사는 거야.,"Smart. In a place like this, whoever talks first survives."
"그리고 신입, 뒷문 밖 풀밭에 발자국이 너무 많다. 벌금 3,000원이다. 다음번엔 벌금으로 끝나지 않아.","그리고 신입, 뒷문 밖 풀밭에 발자국이 너무 많다. 벌금 3,000원이다. 다음번엔 벌금으로 끝나지 않아.","And rookie, there are too many footprints in the meadow out back. That's a 3,000 won fine. Next time, it won't end with a fine."
흠. 오늘은 상자 수가 맞는군. 계속 이렇게 해라.,흠. 오늘은 상자 수가 맞는군. 계속 이렇게 해라.,Hmph. The crate count adds up today. Keep it that way.
1주차 목요일,1주차 목요일,Week 1 · Thursday
"본사 특별 지시: 오박사 연구소에서 온 포켓몬은 한 마리당 수당 2,000원 추가.","본사 특별 지시: 오박사 연구소에서 온 포켓몬은 한 마리당 수당 2,000원 추가.","HQ Special Order: +2,000 won bonus per Pokémon from Professor Oak's Lab."
"[특별 지시] 연구소 관리 번호가 붙은 개체는 특별 수당 2,000원.","[특별 지시] 연구소 관리 번호가 붙은 개체는 특별 수당 2,000원.","[Special Order] Specimens with a Lab ID number earn a 2,000 won special bonus."
니드런♀,니드런♀,Nidoran♀
22번 도로. 두 마리가 같이 잡혔다.,22번 도로. 두 마리가 같이 잡혔다.,Route 22. These two were caught together.
옆 상자 쪽을 보며 계속 운다.,옆 상자 쪽을 보며 계속 운다.,"It keeps crying, looking toward the next crate."
니드런♂,니드런♂,Nidoran♂
이상해씨,이상해씨,Bulbasaur
태초마을 오박사 연구소 뒷마당에서 데려왔다.,태초마을 오박사 연구소 뒷마당에서 데려왔다.,Taken from the backyard of Professor Oak's Lab in Pallet Town.
등에 '오박사 연구소 관리 번호 001' 스티커가 붙어 있다.,등에 '오박사 연구소 관리 번호 001' 스티커가 붙어 있다.,"There's a sticker on its back: ""Oak Lab ID No. 001."""
"상자에 적힌 주소를 보고 손이 멈췄다. 태초마을, 오박사 연구소.","상자에 적힌 주소를 보고 손이 멈췄다. 태초마을, 오박사 연구소.","My hands stopped when I saw the address on the crate. Pallet Town, Professor Oak's Lab."
올봄 연구소에 남아 있던 한 마리. 서류에 도장만 받아 오면 내 것이 될 뻔했던 바로 그 녀석이었다.,올봄 연구소에 남아 있던 한 마리. 서류에 도장만 받아 오면 내 것이 될 뻔했던 바로 그 녀석이었다.,The one left at the lab this spring. The very one that would've been mine if I'd just gotten that form stamped.
…이상하게도 이번엔 이 녀석을 어떻게 해야 할지 알 것 같았다.,…이상하게도 이번엔 이 녀석을 어떻게 해야 할지 알 것 같았다.,"…Strangely, this time I felt like I knew what to do with it."
갈색시티 우물가에서 데려왔다. 잡혀 온 줄도 모르는 눈치다.,갈색시티 우물가에서 데려왔다. 잡혀 온 줄도 모르는 눈치다.,Taken from a well in Vermilion City. Doesn't seem to realize it's been caught.
무지개시티 골목의 떠돌이.,무지개시티 골목의 떠돌이.,A stray from the back alleys of Celadon City.
아침에 선배네 나옹이 이 상자 앞에 한참 서 있다가 갔다.,아침에 선배네 나옹이 이 상자 앞에 한참 서 있다가 갔다.,"This morning, Meowth stood in front of this crate for a long while before leaving."
1주차 목요일 · 특별 수당,1주차 목요일 · 특별 수당,Week 1 · Thursday · Special Bonus
신문 봤어? 상록숲에서 어떤 애가 사흘째 캐터피를 찾아다닌대. 이름이 초록이라나.,신문 봤어? 상록숲에서 어떤 애가 사흘째 캐터피를 찾아다닌대. 이름이 초록이라나.,Did you see the paper? Some kid's been searching Viridian Forest for a Caterpie for three days. Named it Greenie.
…어디서 들어 본 이름 같지 않아?,…어디서 들어 본 이름 같지 않아?,…Doesn't that name ring a bell?
신문 봤어? 상록숲에서 잃어버린 캐터피가 혼자 집에 돌아왔대. 주인 애가 좋아서 엉엉 울었다더라.,신문 봤어? 상록숲에서 잃어버린 캐터피가 혼자 집에 돌아왔대. 주인 애가 좋아서 엉엉 울었다더라.,Did you see the paper? A lost Caterpie made it home from Viridian Forest all by itself. The kid who owns it cried buckets.
희한한 일도 다 있지. …너 왜 웃어?,희한한 일도 다 있지. …너 왜 웃어?,"Weird stuff happens, huh. …Why are you smiling?"
"그리고 본사 특별 지시야. 태초마을 오박사 연구소에서 온 포켓몬은 한 마리당 수당을 2,000원 더 준대.","그리고 본사 특별 지시야. 태초마을 오박사 연구소에서 온 포켓몬은 한 마리당 수당을 2,000원 더 준대.","Also, a special order from HQ. Every Pokémon from Professor Oak's Lab in Pallet Town earns an extra 2,000 won."
연구소 포켓몬이면 새내기 트레이너들이 처음 받을 녀석들이잖아. …본사도 참 치사하다.,연구소 포켓몬이면 새내기 트레이너들이 처음 받을 녀석들이잖아. …본사도 참 치사하다.,Lab Pokémon are the ones new trainers get as their first partner. …HQ is really low.
"2,000원이면 참치캔이 열 개다옹. 생각만 해도 침이 고인다옹.","2,000원이면 참치캔이 열 개다옹. 생각만 해도 침이 고인다옹.","2,000 won is ten cans of tuna, meow. My mouth's watering just thinking about it!"
니드런 두 마리 중 한 마리만 트럭에 실렸다. 남은 녀석은 트럭이 떠날 때까지 울었다.,니드런 두 마리 중 한 마리만 트럭에 실렸다. 남은 녀석은 트럭이 떠날 때까지 울었다.,Only one of the two Nidoran went on the truck. The one left behind cried until the truck was gone.
"…그 떠돌이 나옹, 무지개시티 골목에서 알던 녀석이다옹. 풀어줘서 고맙다옹.","…그 떠돌이 나옹, 무지개시티 골목에서 알던 녀석이다옹. 풀어줘서 고맙다옹.","…That stray Meowth, I knew it from the Celadon alleys, meow. Thanks for letting it go."
"…그 떠돌이 나옹, 무지개시티 골목에서 알던 녀석이다옹. 일은 일이다옹. 알고 있다옹.","…그 떠돌이 나옹, 무지개시티 골목에서 알던 녀석이다옹. 일은 일이다옹. 알고 있다옹.","…That stray Meowth, I knew it from the Celadon alleys, meow. But work is work. I get it, meow."
연구소 개체를 보냈네. 특별 수당 받았겠다. 너도 생각보다 쓸 만한데?,연구소 개체를 보냈네. 특별 수당 받았겠다. 너도 생각보다 쓸 만한데?,You sent the lab one. Bet you got the special bonus. You're more useful than I thought.
"선반 위의 빈 몬스터볼을 오래 쳐다봤다. 수당 2,000원이 통장에 찍혀 있었다.","선반 위의 빈 몬스터볼을 오래 쳐다봤다. 수당 2,000원이 통장에 찍혀 있었다.","I stared at the empty Poké Ball on the shelf for a long time. The 2,000 won bonus had hit my account."
선반 위의 빈 몬스터볼을 오래 쳐다봤다. 그 녀석은 지금쯤 태초마을 쪽으로 걷고 있을까.,선반 위의 빈 몬스터볼을 오래 쳐다봤다. 그 녀석은 지금쯤 태초마을 쪽으로 걷고 있을까.,I stared at the empty Poké Ball on the shelf for a long time. I wonder if it's walking toward Pallet Town right now.
퇴근길에 로이가 정말로 밥을 샀다. 역 앞 포장마차였다.,퇴근길에 로이가 정말로 밥을 샀다. 역 앞 포장마차였다.,"After work, James really did buy dinner. At the street food tent by the station."
우리가 왜 이러고 사는지 궁금하지?,우리가 왜 이러고 사는지 궁금하지?,Bet you're wondering why we live like this.
우리 엄마도 로켓단원이었어. 내가 어릴 때 설산 임무를 나갔는데 그 뒤로 안 돌아왔어.,우리 엄마도 로켓단원이었어. 내가 어릴 때 설산 임무를 나갔는데 그 뒤로 안 돌아왔어.,"My mom was in Team Rocket too. When I was little, she went on a mission to the snowy mountains and never came back."
본사 기록실에 가면 옛날 임무 기록을 볼 수 있대. 그런데 간부만 들어갈 수 있어. 그래서 버티는 거야. 포켓몬 훔치는 게 좋아서가 아니라.,본사 기록실에 가면 옛날 임무 기록을 볼 수 있대. 그런데 간부만 들어갈 수 있어. 그래서 버티는 거야. 포켓몬 훔치는 게 좋아서가 아니라.,They say the HQ archive has the old mission records. But only Executives can get in. That's why I hang on. Not because I like stealing Pokémon.
나는 집이 꽤 잘살았어. 그런데 부모님이 정해 놓은 사람이랑 결혼하라고 해서 도망쳐 나왔지.,나는 집이 꽤 잘살았어. 그런데 부모님이 정해 놓은 사람이랑 결혼하라고 해서 도망쳐 나왔지.,"My family was pretty well off. But my parents wanted me to marry someone they'd picked, so I ran away."
로켓단에 이름이 올라가 있으면 우리 집에서도 함부로 못 끌고 가. 나한텐 여기가 숨을 곳인 셈이야.,로켓단에 이름이 올라가 있으면 우리 집에서도 함부로 못 끌고 가. 나한텐 여기가 숨을 곳인 셈이야.,"With my name on Team Rocket's roster, my family can't just drag me home. This place is kind of my hideout."
나는 옛날에 좋아하던 나옹한테 잘 보이려고 사람 말을 배웠다옹. 그랬더니 사람 흉내 내는 녀석은 싫다고 차였다옹.,나는 옛날에 좋아하던 나옹한테 잘 보이려고 사람 말을 배웠다옹. 그랬더니 사람 흉내 내는 녀석은 싫다고 차였다옹.,"A long time ago, I learned to talk like a human to impress a Meowth I liked, meow. She dumped me for acting like a human, meow."
…오늘 풀어준 그 떠돌이가 바로 그 나옹이다옹. 모른 척해 줘서 고맙다옹.,…오늘 풀어준 그 떠돌이가 바로 그 나옹이다옹. 모른 척해 줘서 고맙다옹.,"…That stray you let go today was her, meow. Thanks for looking the other way."
…오늘 트럭에 실린 그 떠돌이가 바로 그 나옹이다옹. 괜찮다옹. 진짜 괜찮다옹.,…오늘 트럭에 실린 그 떠돌이가 바로 그 나옹이다옹. 괜찮다옹. 진짜 괜찮다옹.,"…That stray that went on the truck today was her, meow. It's fine. Really, it's fine, meow."
…그러니까 너는 우리처럼 되지 마. 빚 다 갚으면 다른 일 찾아.,…그러니까 너는 우리처럼 되지 마. 빚 다 갚으면 다른 일 찾아.,"…So don't end up like us. Once your debt's paid off, find some other job."
퇴근길에 보니 역 앞 포장마차에 로사가 혼자 앉아 있었다. 나를 보고도 모른 척했다.,퇴근길에 보니 역 앞 포장마차에 로사가 혼자 앉아 있었다. 나를 보고도 모른 척했다.,"On the way home, Jessie was sitting alone at the street food tent by the station. She saw me and pretended she didn't."
로이는 무지개시티 창고로 갔다옹. 거기는 여기보다 훨씬 춥다옹.,로이는 무지개시티 창고로 갔다옹. 거기는 여기보다 훨씬 춥다옹.,"James went to the Celadon warehouse, meow. It's way colder there than here."
…너를 탓하려는 건 아니다옹. 월세가 급했던 것도 안다옹.,…너를 탓하려는 건 아니다옹. 월세가 급했던 것도 안다옹.,"…I'm not blaming you, meow. I know you needed the rent money."
1주차 금요일,1주차 금요일,Week 1 · Friday
"주말 대형 이송. 오늘 할당량은 5마리. 저녁에 월세 12,000원을 갚는 날.","주말 대형 이송. 오늘 할당량은 5마리. 저녁에 월세 12,000원을 갚는 날.","Big weekend shipment. Today's quota is 5. Rent of 12,000 won is due tonight."
[주의] 가짜 개체(변신) 반품 시 500원 차감,[주의] 가짜 개체(변신) 반품 시 500원 차감,[Caution] 500 won deducted for returned fakes (Transform)
[상록일보] 사파리존 관리소 앞에서 주인 없는 럭키 알 하나가 발견돼. 어미는 보이지 않았다.,[상록일보] 사파리존 관리소 앞에서 주인 없는 럭키 알 하나가 발견돼. 어미는 보이지 않았다.,[Viridian Daily] An unclaimed Chansey Egg was found outside the Safari Zone office. The mother was nowhere to be seen.
럭키,럭키,Chansey
사파리존 관리소 근처에서 데려왔다.,사파리존 관리소 근처에서 데려왔다.,Taken from near the Safari Zone office.
알을 품고 있다. 알을 떼어 놓으려고 하면 아무것도 먹지 않는다.,알을 품고 있다. 알을 떼어 놓으려고 하면 아무것도 먹지 않는다.,It's holding an Egg. Won't eat a thing if you try to take the Egg away.
피카츄?,피카츄?,Pikachu?
무인발전소. 월요일에 들어온 피카츄와 생김새가 조금 다르다.,무인발전소. 월요일에 들어온 피카츄와 생김새가 조금 다르다.,The Power Plant. Looks a bit different from the Pikachu that came in Monday.
눈이 점 두 개처럼 생겼다. 가끔 몸이 흐물거린다.,눈이 점 두 개처럼 생겼다. 가끔 몸이 흐물거린다.,Its eyes look like two little dots. Sometimes its body goes all droopy.
메타몽,메타몽,Ditto
미뇽,미뇽,Dratini
사파리존 연못에서 건졌다. 보기 드문 개체.,사파리존 연못에서 건졌다. 보기 드문 개체.,Fished out of a Safari Zone pond. A rare specimen.
사파리존 원장이 연못 깊은 곳에서 몰래 키우던 녀석이라는 소문이 있다. 본사가 특히 반길 것이다.,사파리존 원장이 연못 깊은 곳에서 몰래 키우던 녀석이라는 소문이 있다. 본사가 특히 반길 것이다.,Rumor says the Safari Zone Warden secretly raised it deep in the pond. HQ will be especially pleased.
"[상록일보] 사파리존 원장, 연못의 미뇽이 사라지자 무기한 휴장을 선언.","[상록일보] 사파리존 원장, 연못의 미뇽이 사라지자 무기한 휴장을 선언.",[Viridian Daily] Safari Zone Warden closes the park indefinitely after the pond's Dratini disappears.
[상록일보] 사파리존 연못에 미뇽이 돌아왔다는 목격담. 원장은 말없이 웃기만 했다.,[상록일보] 사파리존 연못에 미뇽이 돌아왔다는 목격담. 원장은 말없이 웃기만 했다.,[Viridian Daily] Witnesses say a Dratini is back in the Safari Zone pond. The Warden only smiled.
라프라스,라프라스,Lapras
실프주식회사 빌딩에서 빼돌렸다.,실프주식회사 빌딩에서 빼돌렸다.,Smuggled out of the Silph Co. building.
사람을 등에 태우던 버릇이 남아 있다. 상자 안에서 노래를 흥얼거린다.,사람을 등에 태우던 버릇이 남아 있다. 상자 안에서 노래를 흥얼거린다.,Still has a habit of giving people rides. It hums songs inside the crate.
또 22번 도로 풀숲.,또 22번 도로 풀숲.,Route 22 tall grass again.
24번 도로 풀숲.,24번 도로 풀숲.,Route 24 tall grass.
1주차 금요일 · 첫 월세,1주차 금요일 · 첫 월세,Week 1 · Friday · First Rent
"오늘은 주말 대형 이송이야. 할당량은 다섯 마리고, 본사 트럭이 두 대 와.","오늘은 주말 대형 이송이야. 할당량은 다섯 마리고, 본사 트럭이 두 대 와.","Today's the big weekend shipment. Quota's five, and two HQ trucks are coming."
오늘 저녁에 월세 갚는 날이라며. 무리하진 마. 조금 모자라면 우리가 보태 줄 수 있어.,오늘 저녁에 월세 갚는 날이라며. 무리하진 마. 조금 모자라면 우리가 보태 줄 수 있어.,"Isn't your rent due tonight? Don't push yourself. If you're a little short, we can chip in."
오늘 라프라스가 들어온다는 소문이 있다옹. 실프주식회사에서 빼돌린 녀석이라옹.,오늘 라프라스가 들어온다는 소문이 있다옹. 실프주식회사에서 빼돌린 녀석이라옹.,"Word is a Lapras is coming in today, meow. One smuggled out of Silph Co."
피카츄가 본사에서 메타몽으로 변해 버렸대. 반품이야. …너 그거 몰랐어?,피카츄가 본사에서 메타몽으로 변해 버렸대. 반품이야. …너 그거 몰랐어?,The Pikachu turned into a Ditto at HQ. It's a return. …You didn't notice?
라프라스를 풀어줬구나. 강까지 노래하면서 가더라. 오늘 들은 것 중에 제일 좋은 소리였어.,라프라스를 풀어줬구나. 강까지 노래하면서 가더라. 오늘 들은 것 중에 제일 좋은 소리였어.,You let the Lapras go. It sang all the way to the river. Best thing I've heard all day.
"야, 신입. 나 오늘 한 마리 모자라. 네가 실은 것 중에 한 마리만 내 앞으로 달아 주면 안 돼? 다음 주에 갚을게.","야, 신입. 나 오늘 한 마리 모자라. 네가 실은 것 중에 한 마리만 내 앞으로 달아 주면 안 돼? 다음 주에 갚을게.","Hey, rookie. I'm one short today. Could you put just one of yours under my name? I'll pay you back next week."
한 마리를 세나 앞으로 달아 준다 (-600원),한 마리를 세나 앞으로 달아 준다 (-600원),Put one under Sena's name (-600 won)
거절한다,거절한다,Refuse
…고마워. 빚진 건 안 잊어.,…고마워. 빚진 건 안 잊어.,…Thanks. I won't forget I owe you.
그래. 원래 다들 그렇지 뭐.,그래. 원래 다들 그렇지 뭐.,Fine. Everyone's like that anyway.
너 뒷문 쪽에 자주 가더라. 담배도 안 피우면서.,너 뒷문 쪽에 자주 가더라. 담배도 안 피우면서.,You go to the back door a lot. And you don't even smoke.
난 아무 말도 안 했어. 아직은.,난 아무 말도 안 했어. 아직은.,I haven't said anything. Not yet.
이번 주 실적표 봤어? 너 나랑 몇 마리 차이 안 나. 다음 주엔 안 봐줄 거야.,이번 주 실적표 봤어? 너 나랑 몇 마리 차이 안 나. 다음 주엔 안 봐줄 거야.,Seen this week's numbers? You're only a few behind me. I won't go easy on you next week.
1주차 토요일,1주차 토요일,Week 1 · Saturday
1주차 토요일 · 쉬는 날,1주차 토요일 · 쉬는 날,Week 1 · Saturday · Day Off
첫 주말이다. 무지개시티까지는 기차로 한 시간이다. 두 곳쯤 들를 시간이 있다.,첫 주말이다. 무지개시티까지는 기차로 한 시간이다. 두 곳쯤 들를 시간이 있다.,First weekend. Celadon City is an hour away by train. I have time to visit about two places.
"[본사 수배] 목록에 있는 개체는 반드시 트럭에 싣는다. 빠뜨리면 벌금 2,000원.","[본사 수배] 목록에 있는 개체는 반드시 트럭에 싣는다. 빠뜨리면 벌금 2,000원.","[HQ Wanted] Listed specimens must go on the truck. Missing one means a 2,000 won fine."
[실종 전단] 주인이 찾는 개체는 우체국으로 돌려보낼 수 있다. 우편료 500원.,[실종 전단] 주인이 찾는 개체는 우체국으로 돌려보낼 수 있다. 우편료 500원.,[Missing Flyer] Specimens their owners are looking for can be mailed back from the post office. Postage: 500 won.
"[실종 전단] 솜이를 찾습니다. 분홍 리본을 단 이브이. 사례금 5,000원. 무지개시티 하나","[실종 전단] 솜이를 찾습니다. 분홍 리본을 단 이브이. 사례금 5,000원. 무지개시티 하나","[Missing Flyer] Looking for Fluffy! Eevee with a pink ribbon. Reward: 5,000 won. Hana, Celadon City"
[실종 전단] 초록이를 찾습니다. 캐터피. 상록숲 민수,[실종 전단] 초록이를 찾습니다. 캐터피. 상록숲 민수,"[Missing Flyer] Looking for Greenie. Caterpie. Minsu, Viridian Forest"
2주차 월요일,2주차 월요일,Week 2 · Monday
서류를 대조할 것. 할당량 5마리. 수배 개체는 반드시 트럭에. 실종 전단과 맞으면 돌려보낼 수 있다.,서류를 대조할 것. 할당량 5마리. 수배 개체는 반드시 트럭에. 실종 전단과 맞으면 돌려보낼 수 있다.,Check the files. Quota: 5. Wanted specimens must go on the truck. Matches with missing flyers can be mailed back.
[수배] 롱스톤 (광산 작업용),[수배] 롱스톤 (광산 작업용),[Wanted] Onix (for mining work)
[실종 전단] 찌릿이를 찾습니다. 코일. 갈색시티 발전소 사택,[실종 전단] 찌릿이를 찾습니다. 코일. 갈색시티 발전소 사택,[Missing Flyer] Looking for Zappy. Magnemite. Vermilion Power Company housing
[실종 전단] 수족관 쇼의 스타 쥬쥬 '아쿠아'를 찾습니다. 갈색시티 수족관,[실종 전단] 수족관 쇼의 스타 쥬쥬 '아쿠아'를 찾습니다. 갈색시티 수족관,"[Missing Flyer] Looking for Aqua, the Seel star of our aquarium show. Vermilion City Aquarium"
롱스톤,롱스톤,Onix
바위산 터널 입구에서 잡았다. 상자가 터질 것 같다.,바위산 터널 입구에서 잡았다. 상자가 터질 것 같다.,Caught at the entrance to Rock Tunnel. The crate looks ready to burst.
[상록일보] 갈색시티 발전소 사택 정전. 코일 '찌릿이'가 없어진 뒤로 비상 발전기가 멈췄다.,[상록일보] 갈색시티 발전소 사택 정전. 코일 '찌릿이'가 없어진 뒤로 비상 발전기가 멈췄다.,"[Viridian Daily] Blackout at Vermilion power company housing. The backup generator stopped after Magnemite ""Zappy"" went missing."
갈색시티 발전소 사택 창고에서 데려왔다.,갈색시티 발전소 사택 창고에서 데려왔다.,Taken from a storeroom in Vermilion power company housing.
나사에 이름표가 감겨 있다. '찌릿이',나사에 이름표가 감겨 있다. '찌릿이',"A name tag is wound around one of its screws: ""Zappy."""
갈색시티 발전소 사택,갈색시티 발전소 사택,Vermilion Power Company Housing
"[상록일보] 발전소 직원의 코일 '찌릿이', 소포 상자에 담겨 돌아와. ""보낸 사람 칸이 비어 있었다.""","[상록일보] 발전소 직원의 코일 '찌릿이', 소포 상자에 담겨 돌아와. ""보낸 사람 칸이 비어 있었다.""","[Viridian Daily] Power worker's Magnemite ""Zappy"" returns in a parcel. ""The sender field was blank."""
갈색시티 수족관 뒷문에서 데려왔다.,갈색시티 수족관 뒷문에서 데려왔다.,Taken from the back door of the Vermilion City Aquarium.
지느러미에 공연용 리본이 감겨 있다. 수족관 쇼의 간판 스타 '아쿠아'다.,지느러미에 공연용 리본이 감겨 있다. 수족관 쇼의 간판 스타 '아쿠아'다.,"A show ribbon is tied around its flipper. It's Aqua, headline star of the aquarium show."
갈색시티 수족관,갈색시티 수족관,Vermilion City Aquarium
"[상록일보] 갈색시티 수족관의 '아쿠아', 소포로 돌아와. 오늘 저녁 쇼 정상 공연.","[상록일보] 갈색시티 수족관의 '아쿠아', 소포로 돌아와. 오늘 저녁 쇼 정상 공연.","[Viridian Daily] Vermilion City Aquarium's ""Aqua"" returns by parcel. Tonight's show will go on as scheduled."
"[상록일보] 갈색시티 수족관, 간판 쥬쥬 '아쿠아' 도난으로 쇼 중단. 조련사들은 무급 휴직에 들어가.","[상록일보] 갈색시티 수족관, 간판 쥬쥬 '아쿠아' 도난으로 쇼 중단. 조련사들은 무급 휴직에 들어가.","[Viridian Daily] Vermilion City Aquarium halts shows after star Seel ""Aqua"" is stolen. Trainers placed on unpaid leave."
22번 도로. 또 꼬렛이다.,22번 도로. 또 꼬렛이다.,Route 22. Another Rattata.
2주차 · 로사의 엄마,2주차 · 로사의 엄마,Week 2 · Jessie's Mother
"[상록일보] 소년 트레이너, 블루시티 체육관도 돌파. 벌써 배지 두 개.","[상록일보] 소년 트레이너, 블루시티 체육관도 돌파. 벌써 배지 두 개.",[Viridian Daily] Boy trainer clears the Cerulean City Gym too. Two Badges already.
이번 주부터 규칙이 바뀐다. 본사 수배 목록을 매일 내려보내겠다. 목록에 있는 녀석은 무슨 일이 있어도 트럭에 실어라.,이번 주부터 규칙이 바뀐다. 본사 수배 목록을 매일 내려보내겠다. 목록에 있는 녀석은 무슨 일이 있어도 트럭에 실어라.,"The rules change this week. HQ will send down a Wanted list every day. Anything on that list goes on the truck, no matter what."
"수배 개체가 들어온 기록은 본사에도 남는다. 빠뜨리면 벌금 2,000원이다. 변명은 안 듣는다.","수배 개체가 들어온 기록은 본사에도 남는다. 빠뜨리면 벌금 2,000원이다. 변명은 안 듣는다.","HQ keeps a record whenever a wanted specimen comes in. Miss one and it's a 2,000 won fine. No excuses."
그리고 이건 우리끼리 얘긴데. 경찰서 앞에 붙은 실종 전단을 매일 한 장씩 떼어 왔어.,그리고 이건 우리끼리 얘긴데. 경찰서 앞에 붙은 실종 전단을 매일 한 장씩 떼어 왔어.,"Now, just between us. I've been taking one missing flyer a day off the board outside the police station."
"상자에 든 녀석이 전단이랑 맞으면, 퇴근길에 우체국 앞에 상자를 두고 와. 주인 주소만 적어서. 우편료는 500원이야.","상자에 든 녀석이 전단이랑 맞으면, 퇴근길에 우체국 앞에 상자를 두고 와. 주인 주소만 적어서. 우편료는 500원이야.","If a Pokémon in a crate matches a flyer, drop the crate off at the post office on your way home. Just write the owner's address on it. Postage is 500 won."
"로이가 하던 일을 알려 주겠다옹. 경찰서 앞 실종 전단이랑 상자가 맞으면, 우체국 앞에 주인 주소를 적어서 두고 오는 거다옹. 우편료는 500원이다옹.","로이가 하던 일을 알려 주겠다옹. 경찰서 앞 실종 전단이랑 상자가 맞으면, 우체국 앞에 주인 주소를 적어서 두고 오는 거다옹. 우편료는 500원이다옹.","Let me tell you what James used to do, meow. If a crate matches a missing flyer from the police station, you write the owner's address on it and leave it at the post office, meow. Postage is 500 won."
"뒷문으로 풀어주는 것보다 돈은 들지만, 녀석들이 길을 잃을 일은 없다옹.","뒷문으로 풀어주는 것보다 돈은 들지만, 녀석들이 길을 잃을 일은 없다옹.","It costs more than letting them out the back door, but they'll never get lost, meow."
"…신입, 잠깐 나 좀 봐.","…신입, 잠깐 나 좀 봐.","…Rookie, got a minute?"
"너한테 부탁하긴 정말 싫은데, 부탁할 사람이 너밖에 없어.","너한테 부탁하긴 정말 싫은데, 부탁할 사람이 너밖에 없어.","I really hate asking you this, but you're the only one I can ask."
무지개시티 게임코너 지하에 본사 아지트가 있어. 거기 기록실에 옛날 임무 기록이 전부 있대. 엄마 기록도.,무지개시티 게임코너 지하에 본사 아지트가 있어. 거기 기록실에 옛날 임무 기록이 전부 있대. 엄마 기록도.,There's an HQ hideout under the Game Corner in Celadon City. Its archive has every old mission record. My mom's too.
수요일 밤이 내 야간 재고 조사 당번이야. 그날 밤에 몰래 다녀올게. 그동안 네가 내 이름으로 출근 서명을 해 줘.,수요일 밤이 내 야간 재고 조사 당번이야. 그날 밤에 몰래 다녀올게. 그동안 네가 내 이름으로 출근 서명을 해 줘.,"Wednesday night I'm on the overnight inventory shift. I'll sneak over then. While I'm gone, sign in for me under my name."
대신 서명해 주겠다고 한다,대신 서명해 주겠다고 한다,Agree to sign in for her
위험해서 못 하겠다고 한다,위험해서 못 하겠다고 한다,Say it's too risky
고마워. 이 빚은 꼭 갚을게.,고마워. 이 빚은 꼭 갚을게.,"Thanks. I'll pay you back for this, I swear."
"…그래, 알았어. 그럼 혼자 어떻게든 해 볼게.","…그래, 알았어. 그럼 혼자 어떻게든 해 볼게.","…Fine, I get it. I'll figure something out on my own."
"신입, 잠깐. 경찰이 네 이름을 캐고 다닌다더군. 검수 기록에 서명이 너무 많아.","신입, 잠깐. 경찰이 네 이름을 캐고 다닌다더군. 검수 기록에 서명이 너무 많아.","Rookie, a moment. I hear the police are digging into your name. Too many of your signatures on the inspection logs."
본사 변호사가 네 이름을 기록에서 빼 줄 수 있다. 대신 오늘부터 너는 우리 사람이다. 무슨 뜻인지 알겠지.,본사 변호사가 네 이름을 기록에서 빼 줄 수 있다. 대신 오늘부터 너는 우리 사람이다. 무슨 뜻인지 알겠지.,"HQ's lawyer can take your name off the records. But from today on, you're one of ours. You know what that means."
받아들인다 (수사망 -45 · 로켓단에 목줄이 채워진다),받아들인다 (수사망 -45 · 로켓단에 목줄이 채워진다),Accept (Police Heat -45 · Team Rocket puts you on a leash)
사양한다,사양한다,Decline
현명하군. 이제 경찰이 너를 부르면 우리 변호사가 먼저 간다. 우리가 부르면 네가 먼저 오고.,현명하군. 이제 경찰이 너를 부르면 우리 변호사가 먼저 간다. 우리가 부르면 네가 먼저 오고.,"Wise choice. Now if the police call for you, our lawyer shows up first. And if we call, you show up first."
2주차 화요일,2주차 화요일,Week 2 · Tuesday
서류를 대조할 것. 할당량 5마리. 수배 개체는 반드시 트럭에.,서류를 대조할 것. 할당량 5마리. 수배 개체는 반드시 트럭에.,Check the files. Quota: 5. Wanted specimens must go on the truck.
[수배] 야돈 (꼬리 판매용),[수배] 야돈 (꼬리 판매용),[Wanted] Slowpoke (tails for sale)
[실종 전단] 번개를 찾습니다. 피카츄. 무인발전소 경비원 딸,[실종 전단] 번개를 찾습니다. 피카츄. 무인발전소 경비원 딸,[Missing Flyer] Looking for Bolt. Pikachu. Power Plant guard's daughter
[실종 전단] 상록택배 두두 7호를 찾습니다. 사이클링로드 중계소,[실종 전단] 상록택배 두두 7호를 찾습니다. 사이클링로드 중계소,[Missing Flyer] Looking for Viridian Express Doduo No. 7. Cycling Road relay station
상자 바닥에 꼬리 자르는 큰 가위가 같이 들어 있다.,상자 바닥에 꼬리 자르는 큰 가위가 같이 들어 있다.,A big pair of tail-cutting shears is packed in the bottom of the crate.
"[상록일보] 무인발전소 경비원 딸, 사라진 피카츄 '번개'를 기다리며 사흘째 학교에 가지 않아.","[상록일보] 무인발전소 경비원 딸, 사라진 피카츄 '번개'를 기다리며 사흘째 학교에 가지 않아.","[Viridian Daily] Power Plant guard's daughter skips school three days straight, waiting for her missing Pikachu ""Bolt."""
무인발전소 경비원 숙소 앞에서 데려왔다.,무인발전소 경비원 숙소 앞에서 데려왔다.,Taken from outside the Power Plant guards' quarters.
볼에 반창고가 붙어 있다. 누가 붙여 준 것 같다.,볼에 반창고가 붙어 있다. 누가 붙여 준 것 같다.,It has a bandage on its cheek. Looks like someone put it there for it.
무인발전소 경비원 숙소,무인발전소 경비원 숙소,Power Plant Guards' Quarters
[상록일보] 경비원 딸의 피카츄 '번개' 무사 귀가. 반창고는 그대로 붙어 있었다고.,[상록일보] 경비원 딸의 피카츄 '번개' 무사 귀가. 반창고는 그대로 붙어 있었다고.,"[Viridian Daily] Guard's daughter's Pikachu ""Bolt"" comes home safe. The bandage was still on, reportedly."
사이클링로드 택배 중계소에서 데려왔다.,사이클링로드 택배 중계소에서 데려왔다.,Taken from the Cycling Road delivery relay station.
등에 택배 가방을 멘 채다. 가방에 '상록택배 7호'라고 적혀 있다.,등에 택배 가방을 멘 채다. 가방에 '상록택배 7호'라고 적혀 있다.,"Still wearing its delivery bag. The bag says ""Viridian Express No. 7."""
상록택배 사이클링로드 중계소,상록택배 사이클링로드 중계소,Viridian Express Cycling Road Relay Station
"[상록일보] 실종됐던 택배 두두 7호, 택배 상자에 실려 스스로 복귀. 중계소장 ""일할 줄 아는 녀석""","[상록일보] 실종됐던 택배 두두 7호, 택배 상자에 실려 스스로 복귀. 중계소장 ""일할 줄 아는 녀석""","[Viridian Daily] Missing delivery Doduo No. 7 returns to work in a delivery box. Station chief: ""That one knows how to work."""
[상록일보] 상록택배 두두 7호 실종. 사이클링로드 배송이 사흘째 멈췄다.,[상록일보] 상록택배 두두 7호 실종. 사이클링로드 배송이 사흘째 멈췄다.,[Viridian Daily] Viridian Express Doduo No. 7 goes missing. Cycling Road deliveries halted for three days.
22번 도로. 창고 과자를 훔쳐 먹다 잡혔다.,22번 도로. 창고 과자를 훔쳐 먹다 잡혔다.,Route 22. Caught stealing snacks from the warehouse.
주인은 없다. 성질이 고약하고 식탐이 많다.,주인은 없다. 성질이 고약하고 식탐이 많다.,No owner. Nasty temper and a big appetite.
2주차 화요일 · 세나,2주차 화요일 · 세나,Week 2 · Tuesday · Sena
야돈 꼬리가 비싸게 팔린대. 잘라도 다시 자라니까 괜찮다나. …본사 말이야.,야돈 꼬리가 비싸게 팔린대. 잘라도 다시 자라니까 괜찮다나. …본사 말이야.,"Slowpoke tails sell for a lot. It's fine to cut them since they grow back, apparently. …That's what HQ says."
"잠깐. 너 오늘도 뒷문 쪽 갔지. 내가 세어 봤는데, 네가 온 뒤로 빈 상자가 벌써 여러 개야.","잠깐. 너 오늘도 뒷문 쪽 갔지. 내가 세어 봤는데, 네가 온 뒤로 빈 상자가 벌써 여러 개야.","Hold on. You went to the back door again today. I've been counting. Since you showed up, there've been a lot of empty crates."
아폴로 간부님한테 말하면 나는 점수를 따. 너는 어떡할래?,아폴로 간부님한테 말하면 나는 점수를 따. 너는 어떡할래?,"If I tell Executive Archer, I score points. What are you going to do?"
"3,000원을 건네며 입을 막는다","3,000원을 건네며 입을 막는다","Hand over 3,000 won to keep her quiet"
왜 그러는지 솔직하게 말한다,왜 그러는지 솔직하게 말한다,Honestly explain why
무슨 소리냐고 잡아뗀다,무슨 소리냐고 잡아뗀다,Play dumb
…받을게. 대신 이번 한 번만이야.,…받을게. 대신 이번 한 번만이야.,…I'll take it. But just this once.
"…상자에 이름표가 붙어 있어서, 라고?","…상자에 이름표가 붙어 있어서, 라고?",…Because the crates had name tags on them?
우리 집에도 가디가 있었어. 아빠 빚 때문에 사채업자가 끌고 갔어. 목에 이름표 달린 채로.,우리 집에도 가디가 있었어. 아빠 빚 때문에 사채업자가 끌고 갔어. 목에 이름표 달린 채로.,We had a Growlithe at home too. The loan sharks took it because of my dad's debt. Still wearing its name tag.
"그래서 난 간부가 될 거야. 간부가 되면 빚을 갚고, 그 녀석을 찾을 수 있어. …이번엔 못 본 걸로 할게.","그래서 난 간부가 될 거야. 간부가 되면 빚을 갚고, 그 녀석을 찾을 수 있어. …이번엔 못 본 걸로 할게.",That's why I'm going to be an Executive. Then I can pay off the debt and find it. …I'll pretend I didn't see this time.
넌 요즘 실적이 괜찮네. 나랑 같이 간부 후보에 올라갈 수도 있겠어.,넌 요즘 실적이 괜찮네. 나랑 같이 간부 후보에 올라갈 수도 있겠어.,Your numbers are pretty good lately. We might both end up Executive candidates.
2주차 수요일,2주차 수요일,Week 2 · Wednesday
서류를 대조할 것. 할당량 5마리. 오늘 밤은 야간 재고 조사.,서류를 대조할 것. 할당량 5마리. 오늘 밤은 야간 재고 조사.,Check the files. Quota: 5. Overnight inventory tonight.
[수배] 고오스 (본사 연구동),[수배] 고오스 (본사 연구동),[Wanted] Gastly (HQ research wing)
[실종 전단] 노랑시티 격투도장에서 도장의 자랑 시라소몬을 찾습니다,[실종 전단] 노랑시티 격투도장에서 도장의 자랑 시라소몬을 찾습니다,"[Missing Flyer] Saffron City Fighting Dojo seeks its pride and joy, Hitmonlee"
[실종 전단] 우리 지우의 슬리프를 찾습니다. 밤마다 무서운 꿈을 먹어 주던 아이예요. 보라타운,[실종 전단] 우리 지우의 슬리프를 찾습니다. 밤마다 무서운 꿈을 먹어 주던 아이예요. 보라타운,[Missing Flyer] Looking for our Jiwoo's Drowzee. It ate the scary dreams away every night. Lavender Town
"[상록일보] 노랑시티 격투도장 관장, 도둑맞은 시라소몬을 찾겠다며 도장 문을 닫아.","[상록일보] 노랑시티 격투도장 관장, 도둑맞은 시라소몬을 찾겠다며 도장 문을 닫아.",[Viridian Daily] Saffron City Fighting Dojo master closes the dojo to search for stolen Hitmonlee.
시라소몬,시라소몬,Hitmonlee
노랑시티 격투도장 관장실에서 가져왔다.,노랑시티 격투도장 관장실에서 가져왔다.,Taken from the master's office at the Saffron City Fighting Dojo.
도장 문양이 새겨진 띠를 두르고 있다.,도장 문양이 새겨진 띠를 두르고 있다.,Wears a belt stitched with the dojo's crest.
노랑시티 격투도장,노랑시티 격투도장,Saffron City Fighting Dojo
"[상록일보] 격투도장 시라소몬, 소포로 돌아와. 관장 ""보낸 이에게 한 수 배우고 싶다.""","[상록일보] 격투도장 시라소몬, 소포로 돌아와. 관장 ""보낸 이에게 한 수 배우고 싶다.""","[Viridian Daily] Dojo's Hitmonlee returns by parcel. Master: ""I'd like to learn a thing or two from the sender."""
고오스,고오스,Gastly
보라타운 포켓몬타워에서 잡았다.,보라타운 포켓몬타워에서 잡았다.,Caught at Pokémon Tower in Lavender Town.
상자에 현장 보고서가 붙어 있다. '타워 작업 중 텅구리 한 마리가 새끼를 지키려고 저항 → 처리. 새끼 탕구리는 도망쳤다가 외곽에서 포획.',상자에 현장 보고서가 붙어 있다. '타워 작업 중 텅구리 한 마리가 새끼를 지키려고 저항 → 처리. 새끼 탕구리는 도망쳤다가 외곽에서 포획.',"A field report is stuck to the crate. 'During Tower op, a Marowak resisted to protect its young → dealt with. Baby Cubone fled, caught on the outskirts.'"
보라타운 어느 집 아이 방에서 데려왔다.,보라타운 어느 집 아이 방에서 데려왔다.,Taken from a child's bedroom in Lavender Town.
목에 명찰이 걸려 있다. '밤마다 우리 지우의 무서운 꿈을 먹어 주는 슬리프',목에 명찰이 걸려 있다. '밤마다 우리 지우의 무서운 꿈을 먹어 주는 슬리프',A name tag hangs from its neck. 'The Drowzee who eats our Jiwoo's bad dreams every night'
보라타운 지우네,보라타운 지우네,"Jiwoo's house, Lavender Town"
"[상록일보] 보라타운 어린이 지우, 일주일 만에 처음으로 악몽 없이 잠들어.","[상록일보] 보라타운 어린이 지우, 일주일 만에 처음으로 악몽 없이 잠들어.",[Viridian Daily] Lavender Town child Jiwoo sleeps without nightmares for the first time in a week.
[상록일보] 보라타운 어린이들 사이에서 악몽을 호소하는 일이 잇따라. 포켓몬타워 유령 소동과 관련이 있나,[상록일보] 보라타운 어린이들 사이에서 악몽을 호소하는 일이 잇따라. 포켓몬타워 유령 소동과 관련이 있나,[Viridian Daily] Reports of nightmares spread among Lavender Town kids. Linked to the Pokémon Tower ghost scare?
25번 도로 연못.,25번 도로 연못.,A pond on Route 25.
1번 도로.,1번 도로.,Route 1.
달맞이산.,달맞이산.,Mt. Moon.
2주차 수요일 · 야간 재고 조사,2주차 수요일 · 야간 재고 조사,Week 2 · Wednesday · Night Inventory
고오스 상자에 붙은 보고서가 머리에서 떠나지 않았다. 지난주 수요일의 그 탕구리였다. 녀석은 엄마를 잃고 혼자 울던 거였다.,고오스 상자에 붙은 보고서가 머리에서 떠나지 않았다. 지난주 수요일의 그 탕구리였다. 녀석은 엄마를 잃고 혼자 울던 거였다.,I couldn't get the report on the Gastly crate out of my head. It was that Cubone from last Wednesday. It had lost its mom and was crying all alone.
고오스 상자에 붙은 보고서가 머리에서 떠나지 않았다. 지난주 수요일에 내가 트럭에 실은 그 탕구리였다. 녀석은 엄마를 잃고 혼자 울던 거였다.,고오스 상자에 붙은 보고서가 머리에서 떠나지 않았다. 지난주 수요일에 내가 트럭에 실은 그 탕구리였다. 녀석은 엄마를 잃고 혼자 울던 거였다.,I couldn't get the report on the Gastly crate out of my head. It was the Cubone I loaded onto the truck last Wednesday. It had lost its mom and was crying all alone.
밤 열 시. 출근부 로사 칸에 로사의 이름을 대신 적었다. 창고에는 세나와 나 둘뿐이었다.,밤 열 시. 출근부 로사 칸에 로사의 이름을 대신 적었다. 창고에는 세나와 나 둘뿐이었다.,10 p.m. I signed Jessie's name in her slot on the timesheet. It was just Sena and me in the warehouse.
…로사 선배 어디 갔는지 안 물어볼게. 나도 오늘 밤엔 아무것도 못 본 거야.,…로사 선배 어디 갔는지 안 물어볼게. 나도 오늘 밤엔 아무것도 못 본 거야.,…I won't ask where Jessie went. I didn't see anything tonight either.
"로사 선배 서명, 네 글씨 같은데? …뭐, 내 알 바 아니지.","로사 선배 서명, 네 글씨 같은데? …뭐, 내 알 바 아니지.","Jessie's signature looks a lot like your handwriting. …Eh, not my problem."
"새벽 한 시, 창고 전화가 울렸다. 아폴로였다.","새벽 한 시, 창고 전화가 울렸다. 아폴로였다.","At 1 a.m., the warehouse phone rang. It was Archer."
야간 당번 로사를 바꿔라. 재고 수량을 확인해야겠다.,야간 당번 로사를 바꿔라. 재고 수량을 확인해야겠다.,Put Jessie on. She's on night duty. I need a stock count.
로사 선배는 창고 안쪽 재고를 세는 중이라고 둘러댄다,로사 선배는 창고 안쪽 재고를 세는 중이라고 둘러댄다,Say Jessie's counting stock in the back
아무 말 없이 전화를 끊는다,아무 말 없이 전화를 끊는다,Hang up without a word
…그럼 네가 세라. 틀리면 둘 다 책임이다.,…그럼 네가 세라. 틀리면 둘 다 책임이다.,"…Then you count. If it's wrong, you're both responsible."
끊긴 전화기에서 신호음만 한참 울렸다. 내일 아침 무슨 말을 들을지 알 수 없었다.,끊긴 전화기에서 신호음만 한참 울렸다. 내일 아침 무슨 말을 들을지 알 수 없었다.,The dial tone droned on and on. I had no idea what I'd hear in the morning.
"새벽 세 시, 로사가 돌아왔다. 얼굴이 하얗게 질려 있었다.","새벽 세 시, 로사가 돌아왔다. 얼굴이 하얗게 질려 있었다.","At 3 a.m., Jessie came back. Her face was white as a sheet."
기록 봤어. 엄마 이름 옆에 이렇게 적혀 있더라. '설산 임무 중 실종. 15년 전 사망 추정.',기록 봤어. 엄마 이름 옆에 이렇게 적혀 있더라. '설산 임무 중 실종. 15년 전 사망 추정.',"I saw the records. Next to Mom's name, it said: 'Missing on snowy mountain mission. Presumed dead 15 years ago.'"
15년이야. 나는 엄마 기록 한 줄 보려고 15년을 버틴 거야. 거기 적힌 건 한 줄뿐이었어.,15년이야. 나는 엄마 기록 한 줄 보려고 15년을 버틴 거야. 거기 적힌 건 한 줄뿐이었어.,Fifteen years. I held on for 15 years just to read one line about Mom. And one line was all there was.
2주차 목요일,2주차 목요일,Week 2 · Thursday
[수배] 로켓단 이탈 개체 M-04 (아보크). 발견 즉시 본사로.,[수배] 로켓단 이탈 개체 M-04 (아보크). 발견 즉시 본사로.,[Wanted] Team Rocket deserter unit M-04 (Arbok). Send to HQ on sight.
아보크,아보크,Arbok
설산 기슭에서 야생으로 잡혔다. 몸에 상처가 많다.,설산 기슭에서 야생으로 잡혔다. 몸에 상처가 많다.,Caught in the wild at the foot of the snowy mountains. Covered in wounds.
낡은 로켓단 목걸이를 차고 있다. 등록번호 M-04. 목걸이 안쪽에 작은 주머니가 달려 있다.,낡은 로켓단 목걸이를 차고 있다. 등록번호 M-04. 목걸이 안쪽에 작은 주머니가 달려 있다.,Wears an old Team Rocket collar. Reg. no. M-04. There's a tiny pouch inside the collar.
등록번호 M-04. 오늘 아침 내려온 수배 목록 맨 위에 있던 번호였다.,등록번호 M-04. 오늘 아침 내려온 수배 목록 맨 위에 있던 번호였다.,Reg. no. M-04. The very top number on the Wanted list that came down this morning.
목걸이 주머니 안에 접힌 종이가 있었다. 한참 망설이다가 펴 보았다.,목걸이 주머니 안에 접힌 종이가 있었다. 한참 망설이다가 펴 보았다.,There was a folded note in the collar pouch. I hesitated a long while before opening it.
"'로사에게. 엄마는 설산 북쪽 오두막에 있어. 본사는 엄마가 죽은 걸로 해 두었을 거야. 도망친 단원은 그렇게 처리하거든. 이 아이가 너를 찾아가게 해 볼게. 작년 겨울, 엄마가.'","'로사에게. 엄마는 설산 북쪽 오두막에 있어. 본사는 엄마가 죽은 걸로 해 두었을 거야. 도망친 단원은 그렇게 처리하거든. 이 아이가 너를 찾아가게 해 볼게. 작년 겨울, 엄마가.'","'Jessie, I'm in a cabin on the north side of the snowy mountains. HQ will have listed me as dead. That's what they do with deserters. I'll try to send this one to find you. Love, Mom. Last winter.'"
로사에게 보여 준다,로사에게 보여 준다,Show it to Jessie
"…이게 왜 여기 있어? 이 아보크, 엄마 거야. 어릴 때 이 녀석 꼬리에 매달려서 놀았어.","…이게 왜 여기 있어? 이 아보크, 엄마 거야. 어릴 때 이 녀석 꼬리에 매달려서 놀았어.","…Why is this here? This Arbok is Mom's. When I was little, I used to hang off its tail and play."
…작년 겨울? 엄마가 작년 겨울에 이걸 썼다고? 기록에는 15년 전에 죽었다고 적혀 있었는데.,…작년 겨울? 엄마가 작년 겨울에 이걸 썼다고? 기록에는 15년 전에 죽었다고 적혀 있었는데.,…Last winter? Mom wrote this last winter? The records said she died 15 years ago.
"본사가 거짓말을 한 거야. 엄마를 찾지 못하게, 아니, 찾을 생각도 못 하게.","본사가 거짓말을 한 거야. 엄마를 찾지 못하게, 아니, 찾을 생각도 못 하게.","HQ lied. So I wouldn't look for her. No, so I wouldn't even think to."
수배 벌금은 내가 낼게. 이 녀석은 내가 데리고 있을 거야. 그리고 이번 일 끝나면 난 설산에 간다.,수배 벌금은 내가 낼게. 이 녀석은 내가 데리고 있을 거야. 그리고 이번 일 끝나면 난 설산에 간다.,"I'll pay the Wanted fine. I'm keeping this one. And when this is over, I'm going to the snowy mountains."
건드리면 터질 것 같다. 조심해서 들 것.,건드리면 터질 것 같다. 조심해서 들 것.,Looks ready to blow if touched. Handle with care.
2주차 목요일 · M-04,2주차 목요일 · M-04,Week 2 · Thursday · M-04
"어젯밤 기록실에 쥐새끼가 들어왔더군. 로사, 네가 무슨 짓을 했는지 다 안다. 이번 달 월급은 절반이다.","어젯밤 기록실에 쥐새끼가 들어왔더군. 로사, 네가 무슨 짓을 했는지 다 안다. 이번 달 월급은 절반이다.","A little rat got into the records room last night. Jessie, I know exactly what you did. You're getting half pay this month."
궁금한 게 있으면 나한테 물었어야지. 네 엄마는 15년 전에 설산에서 죽었다. 이제 됐나?,궁금한 게 있으면 나한테 물었어야지. 네 엄마는 15년 전에 설산에서 죽었다. 이제 됐나?,"If you had questions, you should've asked me. Your mother died on the snowy mountain 15 years ago. Satisfied?"
로사는 아무 말도 하지 않았다. 그날 오전 내내 로사는 상자만 옮겼다.,로사는 아무 말도 하지 않았다. 그날 오전 내내 로사는 상자만 옮겼다.,"Jessie didn't say a word. All morning, she just moved crates."
…어제 일은 잊어. 일이나 하자.,…어제 일은 잊어. 일이나 하자.,…Forget about yesterday. Let's just work.
M-04는 수배 목록대로 본사 트럭에 실려 갔다. 로사는 오후 내내 다른 줄에서 일하고 있었다.,M-04는 수배 목록대로 본사 트럭에 실려 갔다. 로사는 오후 내내 다른 줄에서 일하고 있었다.,"M-04 went onto the HQ truck, as the Wanted list said. Jessie spent the whole afternoon working another line."
M-04는 뒷문으로 내보냈다. 녀석은 로사가 일하는 쪽을 한 번 돌아보고는 북쪽으로 기어갔다.,M-04는 뒷문으로 내보냈다. 녀석은 로사가 일하는 쪽을 한 번 돌아보고는 북쪽으로 기어갔다.,"I let M-04 out the back door. It looked back once toward where Jessie was working, then slithered north."
"퇴근 무렵, 세나가 창고 구석에서 전화를 붙들고 한참 서 있었다.","퇴근 무렵, 세나가 창고 구석에서 전화를 붙들고 한참 서 있었다.","Near quitting time, Sena stood in a corner of the warehouse, clutching the phone for a long time."
"…사채업자가 엄마 가게에 찾아왔대. 이번 주 안에 이자 3,000원을 못 내면 가게 유리를 다 깨 버리겠대.","…사채업자가 엄마 가게에 찾아왔대. 이번 주 안에 이자 3,000원을 못 내면 가게 유리를 다 깨 버리겠대.","…A loan shark showed up at Mom's shop. If she can't pay 3,000 won in interest this week, he'll smash every window."
"3,000원을 빌려준다","3,000원을 빌려준다","Lend 3,000 won"
나도 월세가 급하다고 한다,나도 월세가 급하다고 한다,Say rent's tight for you too
…꼭 갚을게. 다음 주 금요일에. 약속해.,…꼭 갚을게. 다음 주 금요일에. 약속해.,…I'll pay you back. Next Friday. I promise.
알아. 다들 그렇지. 괜히 말했다.,알아. 다들 그렇지. 괜히 말했다.,I know. Same for everyone. Forget I said anything.
2주차 금요일,2주차 금요일,Week 2 · Friday
"주말 대형 이송. 할당량 6마리. 저녁에 월세 15,000원.","주말 대형 이송. 할당량 6마리. 저녁에 월세 15,000원.","Big weekend shipment. Quota: 6. Rent of 15,000 won due tonight."
[수배] 스라크 (경매용),[수배] 스라크 (경매용),[Wanted] Scyther (for auction)
[실종 전단] 할아버지의 럭키를 찾습니다. 보라타운 포켓몬하우스,[실종 전단] 할아버지의 럭키를 찾습니다. 보라타운 포켓몬하우스,"[Missing Flyer] Looking for Grandpa's Chansey. Pokémon House, Lavender Town"
스라크,스라크,Scyther
사파리존 깊은 곳에서 잡았다.,사파리존 깊은 곳에서 잡았다.,Caught deep in the Safari Zone.
"[상록일보] 보라타운 포켓몬하우스의 후지 노인이 쓰러졌다. ""럭키가 없으니 잠을 못 이루셨다""는 이웃의 말.","[상록일보] 보라타운 포켓몬하우스의 후지 노인이 쓰러졌다. ""럭키가 없으니 잠을 못 이루셨다""는 이웃의 말.","[Viridian Daily] Mr. Fuji of Lavender Town's Pokémon House collapses. ""He couldn't sleep without Chansey,"" says a neighbor."
보라타운 포켓몬하우스 앞마당에서 데려왔다.,보라타운 포켓몬하우스 앞마당에서 데려왔다.,Taken from the front yard of Pokémon House in Lavender Town.
목에 '후지 할아버지네'라고 적힌 방울이 달려 있다.,목에 '후지 할아버지네'라고 적힌 방울이 달려 있다.,It wears a bell that reads 'Mr. Fuji's.'
보라타운 포켓몬하우스,보라타운 포켓몬하우스,"Pokémon House, Lavender Town"
"[상록일보] 보라타운 포켓몬하우스의 럭키 귀가. 후지 노인 ""세상에 아직 좋은 사람이 있다.""","[상록일보] 보라타운 포켓몬하우스의 럭키 귀가. 후지 노인 ""세상에 아직 좋은 사람이 있다.""","[Viridian Daily] Chansey returns to Lavender Town's Pokémon House. Mr. Fuji: ""There are still good people in this world."""
달맞이산 동굴.,달맞이산 동굴.,A cave on Mt. Moon.
2주차 금요일 · 서명,2주차 금요일 · 서명,Week 2 · Friday · The Signature
"세나가 보고하더군. 수요일 밤, 로사 대신 출근부에 서명한 녀석이 있다고.","세나가 보고하더군. 수요일 밤, 로사 대신 출근부에 서명한 녀석이 있다고.","Sena reported something. Wednesday night, someone signed the timesheet for Jessie."
누구지? 나와라.,누구지? 나와라.,Who was it? Step forward.
내가 했다고 나선다,내가 했다고 나선다,Admit you did it
가만히 있는다,가만히 있는다,Stay quiet
신입이? 배짱은 있군. 이번엔 경고로 끝낸다. 네 이름은 기억해 두지.,신입이? 배짱은 있군. 이번엔 경고로 끝낸다. 네 이름은 기억해 두지.,The new hire? You've got guts. I'll let it go with a warning this time. But I'll remember your name.
"아무도 없나. 그럼 로사, 네 책임이다. 다음 주부터 넌 야간조다.","아무도 없나. 그럼 로사, 네 책임이다. 다음 주부터 넌 야간조다.","No one? Then it's on you, Jessie. You're on the night shift starting next week."
…괜찮아. 너까지 끌려 들어갈 필요는 없었어.,…괜찮아. 너까지 끌려 들어갈 필요는 없었어.,…It's fine. No need for you to get dragged into this too.
나도 점수가 필요했어. 미안하다는 말은 안 할게.,나도 점수가 필요했어. 미안하다는 말은 안 할게.,I needed the points too. I'm not going to say sorry.
2주차 토요일,2주차 토요일,Week 2 · Saturday
2주차 토요일 · 쉬는 날,2주차 토요일 · 쉬는 날,Week 2 · Saturday · Day Off
무지개시티역 앞에서 초등학생쯤 되는 여자아이가 지나가는 사람마다 전단을 나눠 주고 있었다.,무지개시티역 앞에서 초등학생쯤 되는 여자아이가 지나가는 사람마다 전단을 나눠 주고 있었다.,"In front of Celadon Station, a girl about grade-school age was handing flyers to everyone who passed."
솜이를 찾아요. 분홍 리본을 단 이브이예요. 혹시 보셨어요?,솜이를 찾아요. 분홍 리본을 단 이브이예요. 혹시 보셨어요?,I'm looking for Fluffy. She's an Eevee with a pink ribbon. Have you seen her?
전단을 받고 그냥 지나간다,전단을 받고 그냥 지나간다,Take a flyer and keep walking
고개를 돌리고 서둘러 지나간다,고개를 돌리고 서둘러 지나간다,Look away and hurry past
솜이가 로켓단 창고를 거쳐 갔다고 알려 준다,솜이가 로켓단 창고를 거쳐 갔다고 알려 준다,Tell her Fluffy went through a Team Rocket warehouse
로켓단…? 고맙습니다! 경찰 아저씨한테 바로 말할게요!,로켓단…? 고맙습니다! 경찰 아저씨한테 바로 말할게요!,Team Rocket…? Thank you! I'll go tell the police right now!
아이는 전단 뭉치를 끌어안고 경찰서 쪽으로 뛰어갔다. 내 얼굴을 한참 쳐다본 뒤였다.,아이는 전단 뭉치를 끌어안고 경찰서 쪽으로 뛰어갔다. 내 얼굴을 한참 쳐다본 뒤였다.,"The girl hugged her stack of flyers and ran toward the police station, but only after staring at my face for a long time."
"등 뒤에서 아이가 ""저기요!"" 하고 부르는 소리가 들렸다. 돌아보지 않았다.","등 뒤에서 아이가 ""저기요!"" 하고 부르는 소리가 들렸다. 돌아보지 않았다.","Behind me, the girl called out, ""Excuse me!"" I didn't turn around."
"[실종 전단] 솜이를 찾습니다. 분홍 리본을 단 이브이. 사례금 10,000원으로 올립니다. 제발요. 무지개시티 하나","[실종 전단] 솜이를 찾습니다. 분홍 리본을 단 이브이. 사례금 10,000원으로 올립니다. 제발요. 무지개시티 하나","[Missing Flyer] Looking for Fluffy. Eevee with a pink ribbon. Reward raised to 10,000 won. Please. Hana, Celadon City"
3주차 월요일,3주차 월요일,Week 3 · Monday
[수배] 마임맨 (공연단 판매용),[수배] 마임맨 (공연단 판매용),[Wanted] Mr. Mime (for sale to a troupe)
[실종 전단] 나나의 포니타를 찾습니다. 굴레에 이름이 수놓여 있어요. 태초마을,[실종 전단] 나나의 포니타를 찾습니다. 굴레에 이름이 수놓여 있어요. 태초마을,[Missing Flyer] Looking for Daisy's Ponyta. Its name is stitched on the bridle. Pallet Town
[회수 완료] 로켓단 이탈 개체 M-04. 목걸이 속 쪽지 확보. 본사 처리.,[회수 완료] 로켓단 이탈 개체 M-04. 목걸이 속 쪽지 확보. 본사 처리.,[Retrieved] Team Rocket deserter unit M-04. Note in collar secured. Processed by HQ.
샤미드,샤미드,Vaporeon
본사 진화 시설에서 돌아왔다. '매매 대기'.,본사 진화 시설에서 돌아왔다. '매매 대기'.,Back from HQ's evolution facility. 'Awaiting sale.'
분홍 리본이 목에 감겨 있다. 물에 젖어서 색이 많이 바랬다.,분홍 리본이 목에 감겨 있다. 물에 젖어서 색이 많이 바랬다.,"A pink ribbon is tied around its neck, badly faded from the water."
무지개시티 하나네 집,무지개시티 하나네 집,"Hana's house, Celadon City"
[상록일보] 실종 3주 만에 돌아온 '솜이'. 이브이가 아니라 샤미드였지만 하나 양은 리본을 보고 바로 알아봤다.,[상록일보] 실종 3주 만에 돌아온 '솜이'. 이브이가 아니라 샤미드였지만 하나 양은 리본을 보고 바로 알아봤다.,"[Viridian Daily] ""Fluffy"" home after 3 weeks missing. She came back a Vaporeon, not an Eevee, but young Hana knew her by the ribbon."
분홍 리본을 보는 순간 알았다. 솜이였다.,분홍 리본을 보는 순간 알았다. 솜이였다.,"The second I saw the pink ribbon, I knew. It was Fluffy."
"2주 전 월요일, 내가 트럭에 실은 그 이브이. 본사는 물의돌로 녀석을 진화시켜 비싼 값에 팔려고 다시 내려보낸 것이다.","2주 전 월요일, 내가 트럭에 실은 그 이브이. 본사는 물의돌로 녀석을 진화시켜 비싼 값에 팔려고 다시 내려보낸 것이다.",The Eevee I loaded onto the truck two Mondays ago. HQ had evolved her with a Water Stone and sent her back down to sell at a higher price.
서류철에는 하나라는 아이가 붙인 전단이 아직 꽂혀 있었다. 사례금은 두 배로 올라 있었다.,서류철에는 하나라는 아이가 붙인 전단이 아직 꽂혀 있었다. 사례금은 두 배로 올라 있었다.,The flyer from the girl named Hana was still tucked in the Files. The reward had doubled.
마임맨,마임맨,Mr. Mime
무지개시티 거리 공연단에서 데려왔다.,무지개시티 거리 공연단에서 데려왔다.,Taken from a Celadon City street troupe.
상자 안에서도 보이지 않는 벽을 더듬고 있다.,상자 안에서도 보이지 않는 벽을 더듬고 있다.,"Even inside the crate, it's feeling around an invisible wall."
태초마을 오박사 댁 마구간에서 데려왔다.,태초마을 오박사 댁 마구간에서 데려왔다.,Taken from the stable at Professor Oak's home in Pallet Town.
갈기에 빗질 자국이 가지런하다. 굴레에 '나나'라고 수가 놓여 있다.,갈기에 빗질 자국이 가지런하다. 굴레에 '나나'라고 수가 놓여 있다.,Its mane is neatly brushed. 'Daisy' is stitched on the bridle.
태초마을 오박사 댁,태초마을 오박사 댁,"Professor Oak's home, Pallet Town"
"[상록일보] 오박사의 손녀 나나 씨의 포니타, 소포로 돌아와. ""보낸 사람 글씨가 어쩐지 낯익다""","[상록일보] 오박사의 손녀 나나 씨의 포니타, 소포로 돌아와. ""보낸 사람 글씨가 어쩐지 낯익다""","[Viridian Daily] Ponyta of Daisy, Professor Oak's granddaughter, returns by parcel. ""Somehow the sender's handwriting looks familiar."""
"나나. 오박사의 손녀이자 옆집 애의 친구, 그리고 그린의 누나. 어릴 때 이 포니타 갈기를 몇 번 쓰다듬은 적이 있다.","나나. 오박사의 손녀이자 옆집 애의 친구, 그리고 그린의 누나. 어릴 때 이 포니타 갈기를 몇 번 쓰다듬은 적이 있다.","Daisy. Professor Oak's granddaughter, friend of the kid next door, and Blue's big sister. I stroked this Ponyta's mane a few times when I was little."
바위산 터널.,바위산 터널.,Rock Tunnel.
4번 도로.,4번 도로.,Route 4.
3주차 · 로이의 집,3주차 · 로이의 집,Week 3 · James's Family
"[상록일보] 소년 트레이너, 갈색시티 체육관 격파. 상트앤 호에서 로켓단 조직원과 맞섰다는 목격담도.","[상록일보] 소년 트레이너, 갈색시티 체육관 격파. 상트앤 호에서 로켓단 조직원과 맞섰다는 목격담도.",[Viridian Daily] Boy Trainer beats Vermilion Gym. Witnesses say he also faced Team Rocket members on the S.S. Anne.
…잠깐. 이 서류 뭐야. 'M-04 회수 완료. 목걸이 속 쪽지 확보.',…잠깐. 이 서류 뭐야. 'M-04 회수 완료. 목걸이 속 쪽지 확보.',…Wait. What's this paper? 'M-04 retrieved. Note in collar secured.'
M-04는 우리 엄마 아보크 번호야. 어릴 때부터 외우고 있던 번호라고. 지난주 목요일에 들어왔다고? 그날 검수 누가 했어?,M-04는 우리 엄마 아보크 번호야. 어릴 때부터 외우고 있던 번호라고. 지난주 목요일에 들어왔다고? 그날 검수 누가 했어?,M-04 is my mom's Arbok. I've known that number by heart since I was a kid. It came in last Thursday? Who did the inspection that day?
검수 기록에는 내 이름이 적혀 있었다. 로사는 그 종이를 한참 들여다봤다.,검수 기록에는 내 이름이 적혀 있었다. 로사는 그 종이를 한참 들여다봤다.,My name was on the inspection record. Jessie stared at the page for a long time.
"쪽지가 있었다며. 그걸 읽고도 보냈어? …아니, 대답하지 마.","쪽지가 있었다며. 그걸 읽고도 보냈어? …아니, 대답하지 마.","There was a note, right? You read it and sent it anyway? …No, don't answer."
변명하지 않고 사과한다,변명하지 않고 사과한다,Apologize without excuses
수배 목록대로 했을 뿐이라고 말한다,수배 목록대로 했을 뿐이라고 말한다,Say you just followed the Wanted list
…사과는 받을게. 용서는 나중에 생각해 볼게.,…사과는 받을게. 용서는 나중에 생각해 볼게.,"…I'll take the apology. Forgiveness, I'll think about later."
그래. 넌 시키는 대로 했지. 나도 15년 동안 그랬어. 그래서 더 화가 나.,그래. 넌 시키는 대로 했지. 나도 15년 동안 그랬어. 그래서 더 화가 나.,"Right. You did what you were told. So did I, for 15 years. That's why I'm even angrier."
…나 오늘 오후에 병원 가 봐야 해. 아빠가 사채업자한테 맞고 실려 갔대.,…나 오늘 오후에 병원 가 봐야 해. 아빠가 사채업자한테 맞고 실려 갔대.,…I have to go to the hospital this afternoon. A loan shark beat up my dad and he got taken in.
내 몫 검수까지 네가 해 줄 수 있어? 아폴로 간부님한테 들키면 둘 다 혼나겠지만.,내 몫 검수까지 네가 해 줄 수 있어? 아폴로 간부님한테 들키면 둘 다 혼나겠지만.,"Could you do my inspections too? If Archer finds out, we'll both get chewed out, though."
"해 준다 (할당량 +1, 의심도 +10)","해 준다 (할당량 +1, 의심도 +10)","Cover for her (Quota +1, Suspicion +10)"
오늘은 나도 버겁다고 한다,오늘은 나도 버겁다고 한다,Say you're swamped too today
고마워. 이 빚까지 합쳐서 꼭 갚을게.,고마워. 이 빚까지 합쳐서 꼭 갚을게.,"Thanks. I'll pay you back for this too, I swear."
"점심 무렵, 창고 앞에 검은 고급차 한 대가 섰다. 창고랑은 전혀 어울리지 않는 차였다.","점심 무렵, 창고 앞에 검은 고급차 한 대가 섰다. 창고랑은 전혀 어울리지 않는 차였다.","Around noon, a sleek black car pulled up in front of the warehouse. It looked completely out of place."
실례합니다. 저는 상록시티 외곽 저택의 집사입니다. 저희 로이 도련님을 찾고 있습니다.,실례합니다. 저는 상록시티 외곽 저택의 집사입니다. 저희 로이 도련님을 찾고 있습니다.,"Pardon me. I am the butler of a manor on the outskirts of Viridian City. I'm searching for our young master, James."
약혼식 날 도망친 사람이에요. 벌써 3년이나 됐죠. 이 근처에서 로켓단 옷을 입고 다닌다는 소문을 들었어요.,약혼식 날 도망친 사람이에요. 벌써 3년이나 됐죠. 이 근처에서 로켓단 옷을 입고 다닌다는 소문을 들었어요.,He ran away on the day of his engagement ceremony. Three years ago now. We heard rumors he's been seen around here in a Team Rocket uniform.
로이는 이미 상자 더미 뒤로 숨어 있었다. 나와 눈이 마주치자 고개를 세게 저었다.,로이는 이미 상자 더미 뒤로 숨어 있었다. 나와 눈이 마주치자 고개를 세게 저었다.,"James was already hiding behind a stack of crates. When our eyes met, he shook his head hard."
그런 사람은 모른다고 한다,그런 사람은 모른다고 한다,Say you don't know anyone like that
대답을 못 하고 머뭇거린다,대답을 못 하고 머뭇거린다,"Hesitate, unable to answer"
…그렇군요. 또 들르겠습니다.,…그렇군요. 또 들르겠습니다.,…I see. I'll be back.
로이가 무지개시티 창고로 옮겨 간 건 나 때문이었다. 나는 로이가 어디 있는지 알고 있었다.,로이가 무지개시티 창고로 옮겨 간 건 나 때문이었다. 나는 로이가 어디 있는지 알고 있었다.,James transferred to the Celadon warehouse because of me. I knew exactly where he was.
"무지개시티 창고에 있다고 알려 준다 (사례금 5,000원)","무지개시티 창고에 있다고 알려 준다 (사례금 5,000원)","Say he's at the Celadon warehouse (5,000 won reward)"
모른다고 한다,모른다고 한다,Say you don't know
감사합니다. 사례금은 약속대로 드리지요. 도련님은 오늘 밤 안에 댁으로 모시겠습니다.,감사합니다. 사례금은 약속대로 드리지요. 도련님은 오늘 밤 안에 댁으로 모시겠습니다.,"Thank you. You'll have your reward, as promised. We'll bring the young master home before tonight is over."
3주차 화요일,3주차 화요일,Week 3 · Tuesday
서류를 대조할 것. 할당량 5마리. 본사 특별 의뢰 상자가 하나 있다.,서류를 대조할 것. 할당량 5마리. 본사 특별 의뢰 상자가 하나 있다.,Cross-check the paperwork. Quota: 5. There's one HQ Special Request crate.
[수배] 셀러 (진주 채취용),[수배] 셀러 (진주 채취용),[Wanted] Shellder (for pearl harvesting)
[본사 특별 의뢰] 의뢰인의 가디 한 마리를 창고 인근 수색에 쓸 것. 수색 뒤 본사로 반납.,[본사 특별 의뢰] 의뢰인의 가디 한 마리를 창고 인근 수색에 쓸 것. 수색 뒤 본사로 반납.,[HQ Special Request] Use the client's Growlithe to search the area around the warehouse. Return to HQ after the search.
상록시티 외곽 대저택에서 '빌려' 왔다. 본사 특별 의뢰 건.,상록시티 외곽 대저택에서 '빌려' 왔다. 본사 특별 의뢰 건.,'Borrowed' from a mansion on the outskirts of Viridian City. HQ Special Request.
금목걸이에 '대장'이라고 새겨져 있다. 상자 안에서 쉬지 않고 코를 킁킁거린다.,금목걸이에 '대장'이라고 새겨져 있다. 상자 안에서 쉬지 않고 코를 킁킁거린다.,'Captain' is engraved on its gold collar. It keeps sniffing nonstop inside the crate.
상록시티 외곽 저택,상록시티 외곽 저택,Manor on the outskirts of Viridian City
"[상록일보] 명문가 저택의 가디 '대장', 우체국 소포로 귀가. 상자에는 상록시티 우체국 소인이 찍혀 있었다.","[상록일보] 명문가 저택의 가디 '대장', 우체국 소포로 귀가. 상자에는 상록시티 우체국 소인이 찍혀 있었다.","[Viridian Daily] Prominent family's Growlithe ""Captain"" returns home by parcel post. The crate bore a Viridian City post office stamp."
상자에 본사 특별 의뢰서가 붙어 있었다. '의뢰인: 상록시티 외곽 저택. 도련님 냄새를 기억하는 가디. 창고 인근 수색에 쓸 것.',상자에 본사 특별 의뢰서가 붙어 있었다. '의뢰인: 상록시티 외곽 저택. 도련님 냄새를 기억하는 가디. 창고 인근 수색에 쓸 것.',An HQ Special Request form was stuck to the crate. 'Client: manor outside Viridian City. Growlithe that knows the young master's scent. Use to search near warehouse.'
로이네 집이 본사에 돈을 낸 것이다. 로켓단은 돈만 받으면 사람도 찾아 주는 곳이었다.,로이네 집이 본사에 돈을 낸 것이다. 로켓단은 돈만 받으면 사람도 찾아 주는 곳이었다.,"James's family had paid HQ. For the right price, Team Rocket would even track down people."
블루시티 앞바다.,블루시티 앞바다.,Off the coast of Cerulean City.
블루시티 냇가.,블루시티 냇가.,A stream in Cerulean City.
먹지 않는다. 사흘째 먹이를 그대로 남겼다.,먹지 않는다. 사흘째 먹이를 그대로 남겼다.,Won't eat. Hasn't touched its food in three days.
삐삐(먹지 않음),삐삐(먹지 않음),Clefairy (not eating)
3주차 화요일 · 대장,3주차 화요일 · 대장,Week 3 · Tuesday · Captain
로이는 어젯밤 집으로 끌려갔다옹. 창고가 조용하다옹.,로이는 어젯밤 집으로 끌려갔다옹. 창고가 조용하다옹.,"James got dragged home last night, meow. The warehouse is real quiet, meow."
뒷문을 열자마자 가디가 튀어 나갔다. 녀석은 곧장 창고 뒤편으로 달려가 로이에게 뛰어들었다.,뒷문을 열자마자 가디가 튀어 나갔다. 녀석은 곧장 창고 뒤편으로 달려가 로이에게 뛰어들었다.,"The moment I opened the back door, the Growlithe bolted. It ran straight behind the warehouse and leapt onto James."
대장…! 너까지 나 찾으러 온 거야? 어렸을 때 매일 같이 자던 녀석이야.,대장…! 너까지 나 찾으러 온 거야? 어렸을 때 매일 같이 자던 녀석이야.,Captain…! You came looking for me too? We slept together every night when I was a kid.
"대장, 집에 가. 가서 나 못 찾았다고 해. …말은 못 하겠지만 그런 표정이라도 지어 줘.","대장, 집에 가. 가서 나 못 찾았다고 해. …말은 못 하겠지만 그런 표정이라도 지어 줘.","Go home, Captain. Tell them you couldn't find me. …I know you can't talk, but at least make that face."
"…대장이 본사 트럭에 실려 갔다고? 그 녀석, 내 냄새는 절대 안 잊어.","…대장이 본사 트럭에 실려 갔다고? 그 녀석, 내 냄새는 절대 안 잊어.",…Captain got loaded onto the HQ truck? That guy never forgets my scent.
대장을 집으로 돌려보냈어? 고맙긴 한데… 우체국 소인을 보면 집사가 이 근처라는 걸 알 거야.,대장을 집으로 돌려보냈어? 고맙긴 한데… 우체국 소인을 보면 집사가 이 근처라는 걸 알 거야.,"You sent Captain home? Thanks, but… once the butler sees the postmark, he'll know I'm around here."
오후에는 세나와 함께 노랑시티 지하 투기장으로 상자를 배달했다. 로켓단이 돈을 걸고 포켓몬끼리 싸움을 붙이는 곳이었다.,오후에는 세나와 함께 노랑시티 지하 투기장으로 상자를 배달했다. 로켓단이 돈을 걸고 포켓몬끼리 싸움을 붙이는 곳이었다.,"That afternoon, Sena and I delivered crates to an underground arena in Saffron City, where Team Rocket bet on Pokémon fights."
철창 너머에 선글라스 없는 꼬부기가 있었다. 친구들이 데리러 오지 못한 그 녀석이었다.,철창 너머에 선글라스 없는 꼬부기가 있었다. 친구들이 데리러 오지 못한 그 녀석이었다.,Behind the bars was a Squirtle with no sunglasses. The one whose friends never came for him.
목걸이가 벗겨진 식스테일이 링 위에서 절뚝거리고 있었다.,목걸이가 벗겨진 식스테일이 링 위에서 절뚝거리고 있었다.,A Vulpix stripped of its collar was limping around the ring.
도장 띠를 빼앗긴 시라소몬이 구석에서 벽을 차고 있었다.,도장 띠를 빼앗긴 시라소몬이 구석에서 벽을 차고 있었다.,A Hitmonlee robbed of its dojo belt was kicking the wall in the corner.
철창 안은 전부 낯선 녀석들이었다. 그래도 전부 누군가가 이 창고에서 트럭에 실은 녀석들이었다.,철창 안은 전부 낯선 녀석들이었다. 그래도 전부 누군가가 이 창고에서 트럭에 실은 녀석들이었다.,Every one behind the bars was a stranger. But every one had been loaded onto a truck at this warehouse by somebody.
…보지 마. 보면 계속 생각나.,…보지 마. 보면 계속 생각나.,"…Don't look. If you look, you'll keep thinking about it."
경비가 한눈판 틈에 철창 문을 연다,경비가 한눈판 틈에 철창 문을 연다,Open the cage while the guard's distracted
상자만 내려놓고 돌아선다,상자만 내려놓고 돌아선다,Just drop off the crates and leave
철창 문을 여는 순간 경보가 울렸다. 경비가 아보크를 앞세우고 달려왔다.,철창 문을 여는 순간 경보가 울렸다. 경비가 아보크를 앞세우고 달려왔다.,"The moment the cage opened, an alarm blared. A guard came running with his Arbok in the lead."
경비원의 아보크,경비원의 아보크,Guard's Arbok
아보크가 쓰러진 틈에 녀석들이 비상구 쪽으로 쏟아져 나갔다.,아보크가 쓰러진 틈에 녀석들이 비상구 쪽으로 쏟아져 나갔다.,"With Arbok down, they poured out toward the emergency exit."
경비가 철창을 다시 잠갔다. 빠져나간 건 두어 마리뿐이었다. 경비는 내 얼굴을 똑똑히 봤다.,경비가 철창을 다시 잠갔다. 빠져나간 건 두어 마리뿐이었다. 경비는 내 얼굴을 똑똑히 봤다.,The guard locked the cage again. Only two or so got out. And the guard got a good look at my face.
미쳤어? …빨리 뛰어. 나는 아무것도 못 봤어.,미쳤어? …빨리 뛰어. 나는 아무것도 못 봤어.,"Are you nuts? …Run, quick. I didn't see anything."
미쳤어? 나까지 잘리게 할 셈이야? 보고할 거야.,미쳤어? 나까지 잘리게 할 셈이야? 보고할 거야.,Are you nuts? You want me fired too? I'm reporting this.
3주차 수요일,3주차 수요일,Week 3 · Wednesday
할당량 5마리. 아폴로가 탐지견을 데리고 온다. 풀어주면 의심도가 1.5배.,할당량 5마리. 아폴로가 탐지견을 데리고 온다. 풀어주면 의심도가 1.5배.,Quota: 5. Archer's bringing a sniffer dog. Releases raise Suspicion 1.5x.
[수배] 쁘사이저 (투기장용),[수배] 쁘사이저 (투기장용),[Wanted] Pinsir (for the arena)
[증상표] 열 · 기침 · 먹지 않음 · 목이 쉼 → 병든 개체,[증상표] 열 · 기침 · 먹지 않음 · 목이 쉼 → 병든 개체,[Symptom Chart] Fever · Coughing · Not eating · Hoarse voice → Sick unit
쁘사이저,쁘사이저,Pinsir
본사에서 반품됐다.,본사에서 반품됐다.,Returned from HQ.
먹지 않는다. 투구를 끌어안고 움직이지 않는다.,먹지 않는다. 투구를 끌어안고 움직이지 않는다.,"Won't eat. Clutching its skull, not moving."
탕구리(먹지 않음),탕구리(먹지 않음),Cubone (not eating)
1주차 수요일에 내가 보낸 탕구리였다. 녀석은 본사에서 한 입도 먹지 않았다고 했다.,1주차 수요일에 내가 보낸 탕구리였다. 녀석은 본사에서 한 입도 먹지 않았다고 했다.,It was the Cubone I sent in Week 1 on Wednesday. They said it didn't eat a single bite at HQ.
실프 발전 실험실에서 과부하로 반품됐다.,실프 발전 실험실에서 과부하로 반품됐다.,Returned from Silph's power lab due to overload.
볼의 반창고가 새까맣게 그을려 있다. 몸에서 계속 불꽃이 튄다.,볼의 반창고가 새까맣게 그을려 있다. 몸에서 계속 불꽃이 튄다.,The bandage on its cheek is charred black. Sparks keep flying off its body.
피카츄(과부하),피카츄(과부하),Pikachu (overloaded)
"[상록일보] 실험실에서 돌아온 피카츄 '번개', 경비원 딸의 품에서 처음으로 깊이 잠들어.","[상록일보] 실험실에서 돌아온 피카츄 '번개', 경비원 딸의 품에서 처음으로 깊이 잠들어.","[Viridian Daily] Pikachu ""Bolt,"" back from a lab, sleeps soundly for the first time in the arms of a guard's daughter."
[상록일보] 로켓단 트럭 화재. 적재함 안에서 전기 방전 흔적이 발견됐다.,[상록일보] 로켓단 트럭 화재. 적재함 안에서 전기 방전 흔적이 발견됐다.,[Viridian Daily] Team Rocket truck fire. Signs of electrical discharge found in the cargo bed.
볼에 붙은 반창고를 보고 알았다. 2주차 화요일에 내가 보낸 번개였다. 본사는 녀석을 발전 실험에 쓰고 있었다.,볼에 붙은 반창고를 보고 알았다. 2주차 화요일에 내가 보낸 번개였다. 본사는 녀석을 발전 실험에 쓰고 있었다.,"I knew from the bandage on its cheek. It was Bolt, who I sent on Tuesday of Week 2. HQ was using it in power experiments."
3번 도로.,3번 도로.,Route 3.
기침을 한다.,기침을 한다.,It's coughing.
푸린(기침),푸린(기침),Jigglypuff (coughing)
3주차 수요일 · 탐지견,3주차 수요일 · 탐지견,Week 3 · Wednesday · Sniffer Dog
요즘 이 근처에서 풀려난 포켓몬이 자꾸 발견된다. 오늘은 냄새를 맡아 보겠다.,요즘 이 근처에서 풀려난 포켓몬이 자꾸 발견된다. 오늘은 냄새를 맡아 보겠다.,Released Pokémon keep turning up around here lately. Today we'll sniff things out.
"아폴로 옆의 가디를 보고 숨이 멎었다. 경찰 인식표는 떼어져 있었고, 목에는 로켓단 목걸이가 걸려 있었다.","아폴로 옆의 가디를 보고 숨이 멎었다. 경찰 인식표는 떼어져 있었고, 목에는 로켓단 목걸이가 걸려 있었다.","My breath caught when I saw the Growlithe beside Archer. Its police tag was gone, and a Team Rocket collar hung from its neck."
"상록시티 경찰서 3호. 입사 첫날, 내가 트럭에 실은 그 가디였다.","상록시티 경찰서 3호. 입사 첫날, 내가 트럭에 실은 그 가디였다.",Viridian Police No. 3. The Growlithe I loaded onto the truck on my first day.
"본사 훈련소에서 잘 길들였지. 경찰견 출신이라 코가 좋다. 자, 3호. 찾아라.","본사 훈련소에서 잘 길들였지. 경찰견 출신이라 코가 좋다. 자, 3호. 찾아라.","HQ's training center broke it in nicely. Ex-police dog, so it's got a good nose. Now, No. 3. Search."
"3호가 뒷문 쪽으로 코를 박는 순간, 풀밭에서 딱딱 소리가 났다. 탕구리가 뼈 곤봉으로 돌을 두드리며 반대편으로 달아나고 있었다.","3호가 뒷문 쪽으로 코를 박는 순간, 풀밭에서 딱딱 소리가 났다. 탕구리가 뼈 곤봉으로 돌을 두드리며 반대편으로 달아나고 있었다.","Just as No. 3 pressed its nose toward the back door, a clacking came from the meadow. Cubone was banging a rock with its bone club and running the other way."
3호는 그 소리를 쫓아 숲으로 뛰어갔다. 아폴로는 혀를 차고 발길을 돌렸다.,3호는 그 소리를 쫓아 숲으로 뛰어갔다. 아폴로는 혀를 차고 발길을 돌렸다.,No. 3 chased the sound into the forest. Archer clicked his tongue and turned away.
3호는 곧장 뒷문으로 가더니 풀밭을 향해 미친 듯이 짖었다. 그리고 내 신발 냄새를 맡고는 또 짖었다.,3호는 곧장 뒷문으로 가더니 풀밭을 향해 미친 듯이 짖었다. 그리고 내 신발 냄새를 맡고는 또 짖었다.,No. 3 went straight to the back door and barked like mad at the meadow. Then it sniffed my shoes and barked again.
"흥미롭군. 신입, 네 신발에서 풀밭 냄새가 난다는구나.","흥미롭군. 신입, 네 신발에서 풀밭 냄새가 난다는구나.","Interesting. New hire, it says your shoes smell like the meadow."
아폴로는 본사에서 데려온 탐지견 한 마리를 창고 안에 풀었다. 녀석은 한참 킁킁거리다가 상자 더미 사이에 드러누웠다.,아폴로는 본사에서 데려온 탐지견 한 마리를 창고 안에 풀었다. 녀석은 한참 킁킁거리다가 상자 더미 사이에 드러누웠다.,"Archer let a sniffer dog from HQ loose in the warehouse. It sniffed around for ages, then flopped down between the crates."
"실례합니다, 상록시티 경찰서입니다. 이 근처에서 포켓몬 밀매가 있다는 제보가 있어서요.","실례합니다, 상록시티 경찰서입니다. 이 근처에서 포켓몬 밀매가 있다는 제보가 있어서요.","Excuse me, Viridian City Police. We got a tip about Pokémon trafficking around here."
순경 옆의 가디가 나를 보더니 꼬리를 흔들었다. 경찰 인식표 3호. 입사 첫날 뒷문으로 내보낸 그 녀석이었다.,순경 옆의 가디가 나를 보더니 꼬리를 흔들었다. 경찰 인식표 3호. 입사 첫날 뒷문으로 내보낸 그 녀석이었다.,The Growlithe next to the Officer saw me and wagged its tail. Police tag No. 3. The one I let out the back door on my first day.
"어라, 3호가 낯선 사람한테 이러는 건 처음 보네요. 혹시 전에 만난 적 있어요? …다음에 또 봅시다.","어라, 3호가 낯선 사람한테 이러는 건 처음 보네요. 혹시 전에 만난 적 있어요? …다음에 또 봅시다.","Huh, I've never seen No. 3 act like this with a stranger. Have we met before? …See you around."
3주차 목요일,3주차 목요일,Week 3 · Thursday
[수배] 에레브 (실프 발전 설비용),[수배] 에레브 (실프 발전 설비용),[Wanted] Electabuzz (for Silph power facility)
[실종 전단] 갈색시티 팬클럽 회장님의 삐삐를 찾습니다,[실종 전단] 갈색시티 팬클럽 회장님의 삐삐를 찾습니다,[Missing Flyer] Looking for the Vermilion Fan Club Chairman's Clefairy
에레브,에레브,Electabuzz
무인발전소 깊은 곳.,무인발전소 깊은 곳.,Deep inside the Power Plant.
갈색시티 포켓몬 팬클럽 회관에서 데려왔다.,갈색시티 포켓몬 팬클럽 회관에서 데려왔다.,Taken from the Pokémon Fan Club in Vermilion City.
리본 스물네 개가 달린 옷을 입고 있다. 회장님이 직접 뜬 옷이다.,리본 스물네 개가 달린 옷을 입고 있다. 회장님이 직접 뜬 옷이다.,It's wearing an outfit with 24 ribbons. The Chairman knitted it himself.
갈색시티 포켓몬 팬클럽,갈색시티 포켓몬 팬클럽,"Pokémon Fan Club, Vermilion City"
"[상록일보] 팬클럽 회장의 삐삐 귀가. 회장 ""돌려보낸 분께 우리 삐삐 이야기를 세 시간쯤 들려 드리고 싶다.""","[상록일보] 팬클럽 회장의 삐삐 귀가. 회장 ""돌려보낸 분께 우리 삐삐 이야기를 세 시간쯤 들려 드리고 싶다.""","[Viridian Daily] Fan Club Chairman's Clefairy returns home. Chairman: ""I'd love to tell the sender about my Clefairy for three hours or so."""
무지개시티 사채업자 창고에서 '담보'로 넘겨받았다.,무지개시티 사채업자 창고에서 '담보'로 넘겨받았다.,Handed over as 'collateral' from a Celadon City loan shark's warehouse.
목걸이 이름표: '보리. 우리 집 막내.' 그 위에 사채업자의 담보 스티커가 덕지덕지 붙어 있다.,목걸이 이름표: '보리. 우리 집 막내.' 그 위에 사채업자의 담보 스티커가 덕지덕지 붙어 있다.,Name tag: 'Barley. Our baby.' Covered over with the loan shark's collateral stickers.
"보리. 2주차 화요일에 세나가 말했던, 사채업자가 끌고 간 그 가디의 이름이었다.","보리. 2주차 화요일에 세나가 말했던, 사채업자가 끌고 간 그 가디의 이름이었다.","Barley. The name of the Growlithe the loan shark dragged off, the one Sena told me about on Tuesday of Week 2."
세나에게 보여 준다,세나에게 보여 준다,Show it to Sena
…보리? 보리야!,…보리? 보리야!,…Barley? Barley!
이 스티커 봐. 사채업자가 로켓단한테 넘긴 거야. 둘이 한통속이었어. 간부가 되면 빚을 갚아 준다던 것도 전부….,이 스티커 봐. 사채업자가 로켓단한테 넘긴 거야. 둘이 한통속이었어. 간부가 되면 빚을 갚아 준다던 것도 전부….,"Look at these stickers. The loan shark handed him to Team Rocket. They were in on it together. Saying they'd pay off my debt if I made Executive, all of it…"
"고마워. 이 녀석은 오늘 밤 엄마한테 데려다줄게. 그리고 나, 이제 간부 같은 거 안 할래.","고마워. 이 녀석은 오늘 밤 엄마한테 데려다줄게. 그리고 나, 이제 간부 같은 거 안 할래.",Thanks. I'll take this little one to Mom tonight. And... I'm done with the whole Executive thing.
갈색시티 항구.,갈색시티 항구.,Vermilion City harbor.
3주차 목요일 · 제보 수당,3주차 목요일 · 제보 수당,Week 3 · Thursday · Tip Bounty
알려 둘 게 있다. 상록시티 외곽의 어느 명문가가 본사에 큰돈을 냈다. 도망친 아들을 찾아 달라더군.,알려 둘 게 있다. 상록시티 외곽의 어느 명문가가 본사에 큰돈을 냈다. 도망친 아들을 찾아 달라더군.,Listen up. A wealthy family outside Viridian City paid HQ a fortune. They want their runaway son found.
"그 아들이 이 창고에 있다는 건 다들 알겠지. 어디서 자는지 말하는 사람에게 10,000원과 간부 후보 추천서를 준다.","그 아들이 이 창고에 있다는 건 다들 알겠지. 어디서 자는지 말하는 사람에게 10,000원과 간부 후보 추천서를 준다.","You all know he's in this warehouse. Tell me where he sleeps and you get 10,000 won and an Executive candidate recommendation."
…간부 후보 추천서.,…간부 후보 추천서.,...An Executive candidate recommendation.
로이는 창고 다락에서 잔다. 이 창고에서 그걸 모르는 사람은 없었다.,로이는 창고 다락에서 잔다. 이 창고에서 그걸 모르는 사람은 없었다.,James sleeps up in the warehouse loft. Everyone here knew that.
"로이가 다락에서 잔다고 말한다 (10,000원)","로이가 다락에서 잔다고 말한다 (10,000원)","Say James sleeps in the loft (10,000 won)"
"좋다. 신입, 넌 이 창고에서 제일 쓸 만하군. 추천서는 내가 직접 써 주지.","좋다. 신입, 넌 이 창고에서 제일 쓸 만하군. 추천서는 내가 직접 써 주지.","Good. Rookie, you're the most useful one in this warehouse. I'll write the recommendation myself."
"…그래. 10,000원이면 월세 걱정은 없겠네. 잘됐다.","…그래. 10,000원이면 월세 걱정은 없겠네. 잘됐다.","...Right. With 10,000 won, you won't have to worry about rent. Good for you."
저도 모릅니다. 로이 선배는 늘 제일 먼저 퇴근해서요.,저도 모릅니다. 로이 선배는 늘 제일 먼저 퇴근해서요.,"No idea, sir. James is always the first one to clock out."
세나가 거짓말을 했다. 나를 흘끗 보고는 아무 일도 없다는 듯 상자를 옮겼다.,세나가 거짓말을 했다. 나를 흘끗 보고는 아무 일도 없다는 듯 상자를 옮겼다.,"Sena lied. She glanced at me, then went back to moving crates like nothing had happened."
3주차 금요일,3주차 금요일,Week 3 · Friday
[수배] 윤겔라 (본사 연구동),[수배] 윤겔라 (본사 연구동),[Wanted] Kadabra (HQ Research Wing)
윤겔라,윤겔라,Kadabra
노랑시티 에스퍼 도장 근처.,노랑시티 에스퍼 도장 근처.,Near the Psychic Dojo in Saffron City.
숟가락을 꼭 쥐고 놓지 않는다.,숟가락을 꼭 쥐고 놓지 않는다.,It's clutching its spoon and won't let go.
파오리,파오리,Farfetch'd
갈색시티 어느 집 마당.,갈색시티 어느 집 마당.,A backyard in Vermilion City.
대파를 꼭 쥐고 있다. 대파 끝에 이름이 새겨져 있다. '파송송',대파를 꼭 쥐고 있다. 대파 끝에 이름이 새겨져 있다. '파송송',It's clutching a leek. A name is carved into the tip: 'Scallion'
갈색시티 파송송네,갈색시티 파송송네,"Scallion's home, Vermilion City"
"[상록일보] 대파를 든 파오리 '파송송' 귀가. 주인 할머니 ""대파가 그대로 있어서 더 놀랐다.""","[상록일보] 대파를 든 파오리 '파송송' 귀가. 주인 할머니 ""대파가 그대로 있어서 더 놀랐다.""","[Viridian Daily] Leek-toting Farfetch'd ""Scallion"" returns home. Its elderly owner: ""The leek was still in one piece. That surprised me even more!"""
24번 도로.,24번 도로.,Route 24.
12번 도로.,12번 도로.,Route 12.
3주차 금요일 · 다락,3주차 금요일 · 다락,Week 3 · Friday · The Loft
아침 일찍 검은 고급차가 다시 왔다. 이번에는 집사가 곧장 다락 계단으로 걸어갔다.,아침 일찍 검은 고급차가 다시 왔다. 이번에는 집사가 곧장 다락 계단으로 걸어갔다.,"Early that morning, the black luxury car came back. This time the butler walked straight to the loft stairs."
"대장이 도련님 냄새를 이 창고에서 찾았다고 본사에서 연락이 왔습니다. 도련님, 이제 댁으로 가시지요.","대장이 도련님 냄새를 이 창고에서 찾았다고 본사에서 연락이 왔습니다. 도련님, 이제 댁으로 가시지요.","HQ informed us that Captain picked up your scent in this warehouse. Young master, it's time to come home."
이 창고 직원분이 월요일에 대답을 망설이시더군요. 그리고 어제 본사에 제보가 하나 들어왔습니다.,이 창고 직원분이 월요일에 대답을 망설이시더군요. 그리고 어제 본사에 제보가 하나 들어왔습니다.,"One of the staff here seemed hesitant to answer me on Monday. And yesterday, HQ received a tip."
…내가 했어. 간부 후보 추천서가 필요했어. 너도 알잖아.,…내가 했어. 간부 후보 추천서가 필요했어. 너도 알잖아.,...It was me. I needed that recommendation. You know that.
"집사가 다락 계단을 오르는 사이, 창고 뒷문이 눈에 들어왔다.","집사가 다락 계단을 오르는 사이, 창고 뒷문이 눈에 들어왔다.","As the butler climbed the loft stairs, my eyes landed on the warehouse's back door."
로이를 뒷문으로 빼돌린다 (의심도 +35),로이를 뒷문으로 빼돌린다 (의심도 +35),Sneak James out the back door (Suspicion +35)
그냥 보내 준다,그냥 보내 준다,Let him go
로이를 상자 더미 사이로 끌어내려 뒷문 밖 풀숲에 밀어 넣었다. 다락은 텅 비어 있었다.,로이를 상자 더미 사이로 끌어내려 뒷문 밖 풀숲에 밀어 넣었다. 다락은 텅 비어 있었다.,I dragged James down between the crate stacks and shoved him into the bushes out back. The loft was empty.
"…도련님을 숨기셨군요. 이 일은 경찰에도, 로켓단 본사에도 알리겠습니다.","…도련님을 숨기셨군요. 이 일은 경찰에도, 로켓단 본사에도 알리겠습니다.",...You've hidden the young master. I'll be reporting this to the police—and to Team Rocket HQ.
네 잘못 아니야. 언젠가는 이렇게 될 줄 알았어.,네 잘못 아니야. 언젠가는 이렇게 될 줄 알았어.,It's not your fault. I always knew this day would come.
"로사한테 전해 줘. 설산에 가게 되면 편지 하라고. …나옹, 너는 로사 옆에 있어.","로사한테 전해 줘. 설산에 가게 되면 편지 하라고. …나옹, 너는 로사 옆에 있어.","Tell Jessie to write me if she makes it to the snowy mountains. ...Meowth, you stay by Jessie's side."
결국 못 찾았네요. 로이한테 전해 줘요. 결혼은 없던 걸로 하겠다고요.,결국 못 찾았네요. 로이한테 전해 줘요. 결혼은 없던 걸로 하겠다고요.,So he couldn't be found after all. Tell James the wedding is off.
대신 한 번은 집에 들르라고 해요. 도련님 가디들이 매일 현관에서 기다린대요.,대신 한 번은 집에 들르라고 해요. 도련님 가디들이 매일 현관에서 기다린대요.,But tell him to come home just once. I hear his Growlithe wait by the front door every day.
…들었어. 고마워. 너 아니었으면 지금쯤 턱시도 입고 있었을 거야.,…들었어. 고마워. 너 아니었으면 지금쯤 턱시도 입고 있었을 거야.,"...I heard. Thanks. If it weren't for you, I'd be in a tuxedo right now."
…너랑은 당분간 말하기 싫다옹.,…너랑은 당분간 말하기 싫다옹.,"...I don't wanna talk to you for a while, meow."
"자, 3,000원. 약속했잖아. …엄마가 너한테 김밥 싸 주래.","자, 3,000원. 약속했잖아. …엄마가 너한테 김밥 싸 주래.","Here, 3,000 won. I promised, right? ...Mom says she'll pack you a lunch."
3주차 토요일,3주차 토요일,Week 3 · Saturday
3주차 토요일 · 쉬는 날,3주차 토요일 · 쉬는 날,Week 3 · Saturday · Day Off
"[상록일보] 보라타운 포켓몬타워 유령 소동 끝나. 태초마을 소년 트레이너가 실프스코프로 확인해 보니, 새끼를 지키다 숨진 텅구리의 영혼이었다.","[상록일보] 보라타운 포켓몬타워 유령 소동 끝나. 태초마을 소년 트레이너가 실프스코프로 확인해 보니, 새끼를 지키다 숨진 텅구리의 영혼이었다.",[Viridian Daily] Lavender Town's Pokémon Tower ghost scare is over. A boy Trainer from Pallet Town used a Silph Scope and found the spirit of a Marowak that died protecting its baby.
텅구리의 영혼은 무덤 앞을 지키던 탕구리 한 마리를 보고서야 편히 떠났다고 한다.,텅구리의 영혼은 무덤 앞을 지키던 탕구리 한 마리를 보고서야 편히 떠났다고 한다.,The Marowak's spirit reportedly passed on in peace only after seeing a lone Cubone guarding its grave.
"텅구리의 영혼은 한참 누군가를 찾다가, 상록시티 쪽을 한 번 바라보고 편히 떠났다고 한다.","텅구리의 영혼은 한참 누군가를 찾다가, 상록시티 쪽을 한 번 바라보고 편히 떠났다고 한다.","The Marowak's spirit reportedly searched for someone a long while, looked once toward Viridian City, then passed on in peace."
그날 저녁 원룸의 탕구리는 창밖 보라타운 쪽을 오래 보고 있었다. 다음 주말엔 같이 타워에 가 보기로 했다.,그날 저녁 원룸의 탕구리는 창밖 보라타운 쪽을 오래 보고 있었다. 다음 주말엔 같이 타워에 가 보기로 했다.,"That evening, the Cubone in the apartment stared out the window toward Lavender Town for a long time. We decided to visit the Tower together next weekend."
[상록일보] 보라타운 포켓몬타워 유령 소동 끝나. 새끼를 지키다 숨진 텅구리의 영혼이었다. 영혼은 한참 동안 누군가를 찾다가 떠났다고 한다.,[상록일보] 보라타운 포켓몬타워 유령 소동 끝나. 새끼를 지키다 숨진 텅구리의 영혼이었다. 영혼은 한참 동안 누군가를 찾다가 떠났다고 한다.,[Viridian Daily] Lavender Town's Pokémon Tower ghost scare is over. It was the spirit of a Marowak that died protecting its baby. It reportedly searched for someone a long while before passing on.
[작전 지침] 실프 점거 작전 기간. 실프 관리 번호가 붙은 개체는 전부 본사 연구동으로.,[작전 지침] 실프 점거 작전 기간. 실프 관리 번호가 붙은 개체는 전부 본사 연구동으로.,[Operation Orders] Silph takeover in progress. All specimens with Silph control numbers go to the HQ Research Wing.
한 달 뒤,한 달 뒤,One Month Later
"[상록일보] 로켓단 창고 화재 당일, 선글라스를 낀 꼬부기 다섯 마리가 나타나 불을 껐다. 창고 안의 상자는 한 개도 타지 않았다.","[상록일보] 로켓단 창고 화재 당일, 선글라스를 낀 꼬부기 다섯 마리가 나타나 불을 껐다. 창고 안의 상자는 한 개도 타지 않았다.","[Viridian Daily] On the day of the Team Rocket warehouse fire, five Squirtle in sunglasses showed up and put it out. Not a single crate burned."
[상록일보] 로켓단 창고 화재. 상자 대부분은 구조됐지만 안쪽에 쌓여 있던 상자 몇 개는 끝내 꺼내지 못했다.,[상록일보] 로켓단 창고 화재. 상자 대부분은 구조됐지만 안쪽에 쌓여 있던 상자 몇 개는 끝내 꺼내지 못했다.,"[Viridian Daily] Team Rocket warehouse fire. Most crates were saved, but a few stacked deep inside could not be pulled out in time."
"[상록일보] 노랑시티 지하 불법 투기장에서 풀려난 포켓몬들, 하나둘 옛 주인 집 앞에서 발견돼.","[상록일보] 노랑시티 지하 불법 투기장에서 풀려난 포켓몬들, 하나둘 옛 주인 집 앞에서 발견돼.","[Viridian Daily] Pokémon freed from an illegal underground arena in Saffron City are turning up, one by one, at their old owners' doors."
"[상록일보] 실프 빌딩에 갇혀 있던 라프라스, 구조 뒤 소년 트레이너에게 맡겨져. 소년은 라프라스를 타고 홍련섬으로 건너갔다.","[상록일보] 실프 빌딩에 갇혀 있던 라프라스, 구조 뒤 소년 트레이너에게 맡겨져. 소년은 라프라스를 타고 홍련섬으로 건너갔다.","[Viridian Daily] A Lapras trapped in the Silph building was rescued and entrusted to a boy Trainer, who rode it across to Cinnabar Island."
[상록일보] 갈색시티 앞바다에서 밤마다 노래하는 라프라스가 목격된다. 사람을 태워 주기도 한다고.,[상록일보] 갈색시티 앞바다에서 밤마다 노래하는 라프라스가 목격된다. 사람을 태워 주기도 한다고.,[Viridian Daily] A Lapras has been spotted singing every night off the coast of Vermilion City. It's said to give people rides.
"[상록일보] 상록숲 민수 군, 게임코너 경품으로 나왔던 버터플을 소포로 돌려받아. 목에는 한 달 전 자기가 쓴 쪽지가 그대로 매달려 있었다.","[상록일보] 상록숲 민수 군, 게임코너 경품으로 나왔던 버터플을 소포로 돌려받아. 목에는 한 달 전 자기가 쓴 쪽지가 그대로 매달려 있었다.","[Viridian Daily] Minsu of Viridian Forest gets his Butterfree, once a Game Corner prize, back by mail. The note he wrote a month ago was still tied around its neck."
"[상록일보] 게임코너 경품 버터플, 문을 닫기 전날 어느 수집가에게 팔려 가. 목에 달려 있던 쪽지는 떼어져 버려졌다.","[상록일보] 게임코너 경품 버터플, 문을 닫기 전날 어느 수집가에게 팔려 가. 목에 달려 있던 쪽지는 떼어져 버려졌다.",[Viridian Daily] Game Corner prize Butterfree sold to a collector the day before closing. The note around its neck was torn off and thrown away.
[상록일보] 무지개시티 하나 양은 오늘도 전단을 붙인다. 전단 속 이브이는 이제 세상에 없는 모습이다.,[상록일보] 무지개시티 하나 양은 오늘도 전단을 붙인다. 전단 속 이브이는 이제 세상에 없는 모습이다.,[Viridian Daily] Hana of Celadon City is still putting up flyers. The Eevee on them no longer exists in that form.
"[상록일보] 로켓단 창고 수사의 첫 제보자는 아홉 살 하나 양이었다. ""역 앞에서 로켓단 옷을 입은 사람이 알려 줬어요.""","[상록일보] 로켓단 창고 수사의 첫 제보자는 아홉 살 하나 양이었다. ""역 앞에서 로켓단 옷을 입은 사람이 알려 줬어요.""","[Viridian Daily] The first tip in the Team Rocket warehouse case came from nine-year-old Hana. ""Someone in a Team Rocket outfit told me, outside the station."""
"[상록일보] 오박사의 손자 그린 군, 로켓단 본사 연구동에서 누나의 포니타를 직접 찾아 나와.","[상록일보] 오박사의 손자 그린 군, 로켓단 본사 연구동에서 누나의 포니타를 직접 찾아 나와.","[Viridian Daily] Blue, Professor Oak's grandson, personally rescues his sister's Ponyta from Team Rocket's HQ Research Wing."
[상록일보] 오박사의 손녀 나나 씨의 포니타는 끝내 돌아오지 않았다. 그린 군은 로켓단 창고 직원 한 명의 이름을 경찰에 넘겼다.,[상록일보] 오박사의 손녀 나나 씨의 포니타는 끝내 돌아오지 않았다. 그린 군은 로켓단 창고 직원 한 명의 이름을 경찰에 넘겼다.,[Viridian Daily] Professor Oak's granddaughter Daisy never got her Ponyta back. Blue gave the police the name of a Team Rocket warehouse worker.
[상록일보] 사파리존 재개장. 원장은 연못의 미뇽이 요즘 부쩍 컸다고 자랑했다.,[상록일보] 사파리존 재개장. 원장은 연못의 미뇽이 요즘 부쩍 컸다고 자랑했다.,[Viridian Daily] Safari Zone reopens. The warden bragged that the Dratini in the pond has really grown lately.
[상록일보] 보라타운 지우 어린이는 아직도 밤마다 불을 켜고 잔다.,[상록일보] 보라타운 지우 어린이는 아직도 밤마다 불을 켜고 잔다.,[Viridian Daily] Little Jiwoo of Lavender Town still sleeps with the light on every night.
[상록일보] 분노의 호수에 붉은 갸라도스가 나타났다는 소문. 목격자들은 원래 번쩍이는 잉어킹이었다고 입을 모은다.,[상록일보] 분노의 호수에 붉은 갸라도스가 나타났다는 소문. 목격자들은 원래 번쩍이는 잉어킹이었다고 입을 모은다.,[Viridian Daily] Rumors of a red Gyarados at the Lake of Rage. Witnesses all agree it was once a shiny Magikarp.
"[상록일보] 전 로켓단원 로사, 창고 관리 책임으로 징역 2년. 면회 온 사람은 말하는 나옹 한 마리뿐이었다.","[상록일보] 전 로켓단원 로사, 창고 관리 책임으로 징역 2년. 면회 온 사람은 말하는 나옹 한 마리뿐이었다.",[Viridian Daily] Former Team Rocket member Jessie gets 2 years as the warehouse's manager. Her only visitor was a talking Meowth.
[상록일보] 성도지방에서 로켓단 잔당 목격. 붉은 머리 여자 간부가 기록 보관을 맡고 있다는 소문. 그녀는 아직 누군가의 기록을 찾고 있다.,[상록일보] 성도지방에서 로켓단 잔당 목격. 붉은 머리 여자 간부가 기록 보관을 맡고 있다는 소문. 그녀는 아직 누군가의 기록을 찾고 있다.,[Viridian Daily] Team Rocket remnants sighted in Johto. Rumor says a red-haired female Executive keeps their records. She's still searching for someone's file.
설산에서 편지 보내. 엄마를 찾았어. 오두막 난로 앞에서 아보크랑 셋이 자. 엄마가 너한테 고맙다고 전해 달래.,설산에서 편지 보내. 엄마를 찾았어. 오두막 난로 앞에서 아보크랑 셋이 자. 엄마가 너한테 고맙다고 전해 달래.,"Writing from the snowy mountains. I found Mom. The three of us—Mom, Arbok, and me—sleep by the cabin stove. Mom says to tell you thank you."
[상록일보] 로켓단 수색대가 들이닥쳤을 때 설산 북쪽 오두막은 비어 있었다. 전 로켓단원 로사는 지금도 눈 덮인 산을 헤매고 있다.,[상록일보] 로켓단 수색대가 들이닥쳤을 때 설산 북쪽 오두막은 비어 있었다. 전 로켓단원 로사는 지금도 눈 덮인 산을 헤매고 있다.,"[Viridian Daily] When Team Rocket's search party stormed in, the cabin on the north side of the snowy mountains was empty. Former member Jessie is still wandering the snowy peaks."
로켓단 옷은 아직 입고 다녀. 이 옷을 입고 포켓몬을 풀어 주는 게 제일 통쾌하거든. 오늘도 로이가 계획을 망쳤어.,로켓단 옷은 아직 입고 다녀. 이 옷을 입고 포켓몬을 풀어 주는 게 제일 통쾌하거든. 오늘도 로이가 계획을 망쳤어.,I still wear the Team Rocket uniform. Freeing Pokémon while wearing it is the best feeling ever. James botched the plan again today.
"넷이서 설산부터 갔어. 엄마를 찾았어. 엄마는 우리 옷을 보고 한참 웃더니, 아보크를 데리고 따라나섰어. 이제 다섯이야.","넷이서 설산부터 갔어. 엄마를 찾았어. 엄마는 우리 옷을 보고 한참 웃더니, 아보크를 데리고 따라나섰어. 이제 다섯이야.","The four of us went to the snowy mountains first. I found Mom. She laughed at our outfits for ages, then came along with Arbok. Now there are five of us."
[상록일보] 붉은 머리 떠돌이 여성이 전국 로켓단 창고 자리를 차례로 찾아다닌다는 소문. 옛 임무 기록을 찾는다고 한다.,[상록일보] 붉은 머리 떠돌이 여성이 전국 로켓단 창고 자리를 차례로 찾아다닌다는 소문. 옛 임무 기록을 찾는다고 한다.,"[Viridian Daily] Rumor has it a red-haired drifter is visiting old Team Rocket warehouse sites across the region, one by one. She's said to be looking for old mission records."
"[상록일보] 상록시티 명문가 결혼식, 신랑이 또 도망쳐 연기. 신랑의 가디 여섯 마리도 함께 사라졌다.","[상록일보] 상록시티 명문가 결혼식, 신랑이 또 도망쳐 연기. 신랑의 가디 여섯 마리도 함께 사라졌다.",[Viridian Daily] Viridian City high-society wedding postponed after the groom runs off again. His six Growlithe vanished with him.
오늘도 뭔가 훔치려다 놓쳤어. 로사는 화를 내고 나옹은 웃어. 나는 이게 좋아.,오늘도 뭔가 훔치려다 놓쳤어. 로사는 화를 내고 나옹은 웃어. 나는 이게 좋아.,"We tried to steal something again today and blew it. Jessie got mad, Meowth laughed. I like it this way."
[상록일보] 성도지방 로켓단 잔당 아지트에 파란 머리 청년이 붙잡혀 있다는 제보. 붉은 머리 여성이 매일 아지트 근처를 서성인다.,[상록일보] 성도지방 로켓단 잔당 아지트에 파란 머리 청년이 붙잡혀 있다는 제보. 붉은 머리 여성이 매일 아지트 근처를 서성인다.,[Viridian Daily] Tip: a blue-haired young man is being held at a Team Rocket remnant hideout in Johto. A red-haired woman lingers near the hideout every day.
"[상록일보] 전 로켓단원 로이, 징역 1년 6개월. 집안 변호사의 도움을 끝까지 거절했다.","[상록일보] 전 로켓단원 로이, 징역 1년 6개월. 집안 변호사의 도움을 끝까지 거절했다.",[Viridian Daily] Former Team Rocket member James gets 18 months. He refused his family's lawyers to the very end.
"집에 한 번 들렀어. 결혼 얘기는 없던 일이 됐고, 대장이랑 가디들이 한꺼번에 나를 덮쳤어. 가끔은 돌아가는 것도 도망은 아니더라.","집에 한 번 들렀어. 결혼 얘기는 없던 일이 됐고, 대장이랑 가디들이 한꺼번에 나를 덮쳤어. 가끔은 돌아가는 것도 도망은 아니더라.","I went home once. The wedding's off, and Captain and the Growlithe all pounced on me at once. Sometimes going back isn't running away either."
[상록일보] 명문가 청년이 로켓단 본사 연구동 터를 매일 뒤지고 있다. 어릴 적부터 키운 가디를 찾는다고 한다.,[상록일보] 명문가 청년이 로켓단 본사 연구동 터를 매일 뒤지고 있다. 어릴 적부터 키운 가디를 찾는다고 한다.,[Viridian Daily] A young man from a wealthy family searches the site of Team Rocket's HQ Research Wing every day. He's looking for the Growlithe he raised since childhood.
[상록일보] 파란 머리 청년이 갈색시티 항구에서 배를 탔다는 목격담. 행선지는 적지 않았다.,[상록일보] 파란 머리 청년이 갈색시티 항구에서 배를 탔다는 목격담. 행선지는 적지 않았다.,[Viridian Daily] A blue-haired young man was reportedly seen boarding a ship at Vermilion Harbor. His destination went unrecorded.
대장이 집에서 또 도망쳐 나왔어. 이번엔 나한테로. 둘이 여기저기 떠돌고 있어. 대장은 내가 어디로 가든 먼저 가 있어.,대장이 집에서 또 도망쳐 나왔어. 이번엔 나한테로. 둘이 여기저기 떠돌고 있어. 대장은 내가 어디로 가든 먼저 가 있어.,"Captain ran away from home again—this time, to me. We're drifting around together. Wherever I go, Captain gets there first."
"사채 장부는 불법이었대. 빚은 없어졌고, 보리는 요즘 엄마 가게 앞에서 손님을 맞아. 나는 경찰학교 시험 준비 중이야. 웃지 마.","사채 장부는 불법이었대. 빚은 없어졌고, 보리는 요즘 엄마 가게 앞에서 손님을 맞아. 나는 경찰학교 시험 준비 중이야. 웃지 마.","Turns out the loan shark's ledger was illegal. The debt's gone, and Barley greets customers outside Mom's shop now. I'm studying for the police academy exam. Don't laugh."
[상록일보] 오박사 연구소에서 도둑맞았던 이상해씨가 돌아와. 돌려준 사람은 이름을 밝히지 않은 젊은 여성이었다.,[상록일보] 오박사 연구소에서 도둑맞았던 이상해씨가 돌아와. 돌려준 사람은 이름을 밝히지 않은 젊은 여성이었다.,[Viridian Daily] The Bulbasaur stolen from Professor Oak's lab has come back. It was returned by a young woman who wouldn't give her name.
"[상록일보] 전 로켓단원 세나, 사채업자와 공모한 혐의로 구속. 그녀도 피해자였다는 탄원서가 쌓이고 있다.","[상록일보] 전 로켓단원 세나, 사채업자와 공모한 혐의로 구속. 그녀도 피해자였다는 탄원서가 쌓이고 있다.",[Viridian Daily] Former Team Rocket member Sena arrested for conspiring with a loan shark. Petitions saying she was a victim too are piling up.
[상록일보] 성도지방 로켓단 잔당에 '실적 1등'으로 불리는 젊은 여성 조직원이 있다는 소문. 빚은 아직 그대로라고 한다.,[상록일보] 성도지방 로켓단 잔당에 '실적 1등'으로 불리는 젊은 여성 조직원이 있다는 소문. 빚은 아직 그대로라고 한다.,"[Viridian Daily] Rumor has it Team Rocket remnants in Johto have a young female grunt known as ""Top Performer."" Her debt reportedly remains unpaid."
투기장에서 같이 뛰었던 날 기억나? 나 요즘 노랑시티 포켓몬 보호소에서 일해. 빚은 아직 있어. 그래도 밤에 잠은 와.,투기장에서 같이 뛰었던 날 기억나? 나 요즘 노랑시티 포켓몬 보호소에서 일해. 빚은 아직 있어. 그래도 밤에 잠은 와.,Remember the day we fought in the arena together? I work at a Pokémon shelter in Saffron City now. I've still got debt. But at least I can sleep at night.
로켓단 그만뒀어. 편의점 야간 알바하면서 빚 갚고 있어. 가끔 창고 쪽을 지나가면 네 생각 나더라.,로켓단 그만뒀어. 편의점 야간 알바하면서 빚 갚고 있어. 가끔 창고 쪽을 지나가면 네 생각 나더라.,"I quit Team Rocket. I'm working night shifts at a convenience store to pay off my debt. Whenever I pass by the warehouse, I think of you."
오늘도 삼인조는 뭔가 훔치려다 놓쳤다옹. 나는 그게 좋다옹.,오늘도 삼인조는 뭔가 훔치려다 놓쳤다옹. 나는 그게 좋다옹.,"The trio tried to steal something and blew it again today, meow. I like it that way, meow."
무지개시티 골목에 자리를 잡았다옹. 옆에는 그 나옹이 있다옹. 사람 말은 이제 거의 안 쓴다옹.,무지개시티 골목에 자리를 잡았다옹. 옆에는 그 나옹이 있다옹. 사람 말은 이제 거의 안 쓴다옹.,"I've set up shop in an alley in Celadon City, meow. That Meowth is right beside me. I hardly talk human anymore, meow."
다들 흩어졌다옹. 나는 골목을 떠돈다옹. 가끔 창고 자리를 지나가다 멈춰 선다옹.,다들 흩어졌다옹. 나는 골목을 떠돈다옹. 가끔 창고 자리를 지나가다 멈춰 선다옹.,"Everyone's scattered, meow. I roam the alleys. Sometimes I stop when I pass where the warehouse used to be, meow."
로사를 따라 설산에 왔다옹. 추워 죽겠다옹. 그래도 난로 앞 자리는 내 거다옹.,로사를 따라 설산에 왔다옹. 추워 죽겠다옹. 그래도 난로 앞 자리는 내 거다옹.,"I followed Jessie to the snowy mountains, meow. It's freezing! But the spot by the stove is mine, meow."
4주차 월요일,4주차 월요일,Week 4 · Monday
실프 점거 작전 기간. 할당량 5마리. 실프 관리 번호가 붙은 개체는 전부 본사로.,실프 점거 작전 기간. 할당량 5마리. 실프 관리 번호가 붙은 개체는 전부 본사로.,Silph takeover in progress. Quota: 5 Pokémon. All specimens with Silph control numbers go to HQ.
[수배] 폴리곤 (실프 관리 번호 P-01),[수배] 폴리곤 (실프 관리 번호 P-01),[Wanted] Porygon (Silph Control No. P-01)
[실종 전단] 소아 병동의 간호 럭키를 찾습니다. 실프 사원 병원,[실종 전단] 소아 병동의 간호 럭키를 찾습니다. 실프 사원 병원,[Missing Flyer] Looking for our pediatric ward's nurse Chansey. —Silph Staff Hospital
폴리곤,폴리곤,Porygon
실프주식회사 12층 연구실에서 가져왔다.,실프주식회사 12층 연구실에서 가져왔다.,Taken from a lab on Silph Co.'s 12th floor.
실프 관리 번호 P-01. 사람이 만든 포켓몬이다. 연구실 말고는 가 본 곳이 없다.,실프 관리 번호 P-01. 사람이 만든 포켓몬이다. 연구실 말고는 가 본 곳이 없다.,Silph Control No. P-01. A man-made Pokémon. It's never been anywhere but the lab.
실프 사원 병원 소아 병동에서 데려왔다.,실프 사원 병원 소아 병동에서 데려왔다.,Brought from the pediatric ward of Silph Staff Hospital.
간호모를 쓰고 있다. 병동 아이들이 그려 준 그림이 상자 벽에 붙어 있다.,간호모를 쓰고 있다. 병동 아이들이 그려 준 그림이 상자 벽에 붙어 있다.,It's wearing a nurse's cap. Drawings from the ward's kids are taped to the crate walls.
노랑시티 실프 사원 병원,노랑시티 실프 사원 병원,"Silph Staff Hospital, Saffron City"
[상록일보] 실프 사원 병원 소아 병동에 간호 럭키가 돌아와. 아이들이 병동 복도에서 박수를 쳤다.,[상록일보] 실프 사원 병원 소아 병동에 간호 럭키가 돌아와. 아이들이 병동 복도에서 박수를 쳤다.,[Viridian Daily] Nurse Chansey returns to Silph Staff Hospital's pediatric ward. The kids cheered and clapped in the hallway.
"[상록일보] 실프 사원 병원 소아 병동, 간호 럭키 도난 뒤 아이들 회진 거부.","[상록일보] 실프 사원 병원 소아 병동, 간호 럭키 도난 뒤 아이들 회진 거부.",[Viridian Daily] Kids at Silph Staff Hospital's pediatric ward refuse checkups after nurse Chansey is stolen.
실프 발전실.,실프 발전실.,Silph generator room.
실프 창고.,실프 창고.,Silph storeroom.
몬스터볼인 줄 알고 가져왔다고 한다.,몬스터볼인 줄 알고 가져왔다고 한다.,Apparently someone grabbed it thinking it was a Poké Ball.
실프 연구소.,실프 연구소.,Silph lab.
실프 하수처리실.,실프 하수처리실.,Silph sewage treatment room.
노랑시티 골목.,노랑시티 골목.,A back alley in Saffron City.
4주차 · 실프주식회사,4주차 · 실프주식회사,Week 4 · Silph Co.
"[상록일보] 소년 트레이너, 무지개시티 체육관 격파. 배지 넷. 게임코너 주변을 서성이는 모습이 목격됐다.","[상록일보] 소년 트레이너, 무지개시티 체육관 격파. 배지 넷. 게임코너 주변을 서성이는 모습이 목격됐다.",[Viridian Daily] Boy Trainer defeats Celadon City Gym. Four Badges. He was seen hanging around the Game Corner.
본사가 큰 작전에 들어간다. 노랑시티의 실프주식회사를 통째로 점거한다. 실프가 만들고 있는 물건이 필요하거든.,본사가 큰 작전에 들어간다. 노랑시티의 실프주식회사를 통째로 점거한다. 실프가 만들고 있는 물건이 필요하거든.,HQ is launching a major operation. We're seizing Silph Co. in Saffron City—the whole building. We need what they're making.
이 창고는 이번 주부터 작전 보급 기지다. 할당량은 매일 다섯 마리. 불평하는 녀석은 실프 빌딩 경비로 보낸다.,이 창고는 이번 주부터 작전 보급 기지다. 할당량은 매일 다섯 마리. 불평하는 녀석은 실프 빌딩 경비로 보낸다.,"Starting this week, this warehouse is a supply base for the operation. Quota's five a day. Anyone who complains gets sent to guard Silph."
이번 주만 버틸 거야. 금요일 월급 받으면 그날 밤 설산 가는 기차를 탈 거야.,이번 주만 버틸 거야. 금요일 월급 받으면 그날 밤 설산 가는 기차를 탈 거야.,"I just have to get through this week. Once I get paid Friday, I'm catching the night train to the snowy mountains."
…근데 기차표가 생각보다 비싸더라. 월급으로 모자랄지도 몰라.,…근데 기차표가 생각보다 비싸더라. 월급으로 모자랄지도 몰라.,...But train tickets cost more than I thought. My pay might not cover it.
"기차표 값을 보태 준다 (-5,000원)","기차표 값을 보태 준다 (-5,000원)","Chip in for the ticket (-5,000 won)"
마음만 받아 달라고 한다,마음만 받아 달라고 한다,Offer only your good wishes
…이거 나중에 꼭 갚는다. 엄마 만나면 네 얘기부터 할게.,…이거 나중에 꼭 갚는다. 엄마 만나면 네 얘기부터 할게.,"...I'll pay you back, I swear. When I see Mom, you're the first thing I'll tell her about."
실프를 점거한다고? 거기 연구소에 포켓몬이 몇 마리나 있는지 알아? 이 창고로 전부 쏟아져 들어올 거야.,실프를 점거한다고? 거기 연구소에 포켓몬이 몇 마리나 있는지 알아? 이 창고로 전부 쏟아져 들어올 거야.,Seize Silph? Do you know how many Pokémon are in their labs? They'll all come pouring into this warehouse.
폴리곤은 뒷문 밖에서 한참을 제자리에 서 있었다. 녀석은 연구실 밖이 처음이었다. 결국 풀밭 구석에 자리를 잡았다.,폴리곤은 뒷문 밖에서 한참을 제자리에 서 있었다. 녀석은 연구실 밖이 처음이었다. 결국 풀밭 구석에 자리를 잡았다.,"Porygon stood still outside the back door for a long time. It had never been outside the lab. In the end, it settled in a corner of the meadow."
4주차 화요일,4주차 화요일,Week 4 · Tuesday
할당량 5마리. 실프 관리 번호가 붙은 개체는 전부 본사로.,할당량 5마리. 실프 관리 번호가 붙은 개체는 전부 본사로.,Quota: 5 Pokémon. All specimens with Silph control numbers go to HQ.
[수배] 잉어킹 (색이 다른 개체만),[수배] 잉어킹 (색이 다른 개체만),[Wanted] Magikarp (unusual colors only)
[실종 전단] 실프 사원 기숙사의 푸린을 찾습니다,[실종 전단] 실프 사원 기숙사의 푸린을 찾습니다,[Missing Flyer] Looking for the Jigglypuff from the Silph staff dorm
분노의 호수.,분노의 호수.,Lake of Rage.
보통 잉어킹이다. 색은 멀쩡하다.,보통 잉어킹이다. 색은 멀쩡하다.,An ordinary Magikarp. Its colors are perfectly normal.
"[상록일보] 점거된 실프 빌딩 안, 사원들이 기숙사 마스코트 푸린의 이름을 부르며 버티고 있다.","[상록일보] 점거된 실프 빌딩 안, 사원들이 기숙사 마스코트 푸린의 이름을 부르며 버티고 있다.","[Viridian Daily] Inside the occupied Silph building, employees are holding out by calling the name of their dorm mascot, Jigglypuff."
실프 사원 기숙사.,실프 사원 기숙사.,Silph staff dorm.
목에 사원증 모양 목걸이. '실프 총무팀 마스코트',목에 사원증 모양 목걸이. '실프 총무팀 마스코트',It wears a necklace shaped like an ID badge: 'Silph General Affairs Mascot'
노랑시티 실프 사원 기숙사,노랑시티 실프 사원 기숙사,"Silph Staff Dorm, Saffron City"
[상록일보] 점거 중인 실프 빌딩 앞으로 푸린 한 마리가 소포로 도착. 사원들은 로비에서 노래를 들으며 버텼다.,[상록일보] 점거 중인 실프 빌딩 앞으로 푸린 한 마리가 소포로 도착. 사원들은 로비에서 노래를 들으며 버텼다.,"[Viridian Daily] A Jigglypuff arrives by mail at the occupied Silph building. Employees held out in the lobby, listening to its song."
야도란,야도란,Slowbro
실프 연구소 수조.,실프 연구소 수조.,Silph lab tank.
실프 관리 번호가 붙어 있다.,실프 관리 번호가 붙어 있다.,It's tagged with a Silph control number.
홍수몬,홍수몬,Hitmonchan
노랑시티 격투도장.,노랑시티 격투도장.,"Fighting Dojo, Saffron City."
주먹에 감긴 붕대에 '시라소몬과 함께 도장을 지킨다'고 적혀 있다.,주먹에 감긴 붕대에 '시라소몬과 함께 도장을 지킨다'고 적혀 있다.,The bandage on its fist reads 'Guarding the Dojo with Hitmonlee.'
"[상록일보] 격투도장 홍수몬 귀가. 관장 ""둘 다 돌아오면 도장 문을 다시 열겠다""","[상록일보] 격투도장 홍수몬 귀가. 관장 ""둘 다 돌아오면 도장 문을 다시 열겠다""","[Viridian Daily] Fighting Dojo's Hitmonchan returns home. Master: ""Once both are back, I'll reopen the Dojo."""
"[상록일보] 노랑시티 격투도장, 홍수몬마저 도둑맞고 결국 문을 닫아.","[상록일보] 노랑시티 격투도장, 홍수몬마저 도둑맞고 결국 문을 닫아.",[Viridian Daily] Saffron City Fighting Dojo closes its doors after Hitmonchan is stolen too.
사이클링로드.,사이클링로드.,Cycling Road.
4주차 화요일 · 레드,4주차 화요일 · 레드,Week 4 · Tuesday · Red
[상록일보] 무지개시티 게임코너 지하에서 로켓단 아지트 발견. 태초마을 소년 트레이너 레드 군이 혼자 들어가 아지트를 쑥대밭으로 만들었다.,[상록일보] 무지개시티 게임코너 지하에서 로켓단 아지트 발견. 태초마을 소년 트레이너 레드 군이 혼자 들어가 아지트를 쑥대밭으로 만들었다.,"[Viridian Daily] Team Rocket hideout found beneath Celadon City's Game Corner. Red, a boy Trainer from Pallet Town, went in alone and tore the place apart."
레드. 신문에 처음으로 이름이 났다. 옆집 애의 이름이었다.,레드. 신문에 처음으로 이름이 났다. 옆집 애의 이름이었다.,Red. His name was in the paper for the first time. The kid from next door.
"올봄 그 애는 연구소에서 첫 포켓몬을 받았고, 나는 빈 몬스터볼을 받았다. 그 애는 지금 로켓단을 부수고 있고, 나는 로켓단 창고에서 상자를 나른다.","올봄 그 애는 연구소에서 첫 포켓몬을 받았고, 나는 빈 몬스터볼을 받았다. 그 애는 지금 로켓단을 부수고 있고, 나는 로켓단 창고에서 상자를 나른다.","This spring, he got his first Pokémon at the lab, and I got an empty Poké Ball. Now he's taking down Team Rocket, and I'm hauling crates in their warehouse."
기록실도 끝이네. 엄마 이름이 적혀 있던 그 서류철도 다 타 버렸겠지.,기록실도 끝이네. 엄마 이름이 적혀 있던 그 서류철도 다 타 버렸겠지.,So the records room is gone too. The file with Mom's name on it must've burned up with it.
"로사, 좋은 소식이 있다. M-04가 물고 온 쪽지 덕분에 설산 오두막 위치를 알아냈지. 어제 수색대를 보냈다.","로사, 좋은 소식이 있다. M-04가 물고 온 쪽지 덕분에 설산 오두막 위치를 알아냈지. 어제 수색대를 보냈다.","Jessie, good news. Thanks to the note M-04 brought back, we've located the cabin in the snowy mountains. I sent a search party yesterday."
도망친 단원은 끝까지 찾아낸다. 네 엄마도 예외는 아니다.,도망친 단원은 끝까지 찾아낸다. 네 엄마도 예외는 아니다.,We always hunt down deserters. Your mother is no exception.
로사는 대답하지 않았다. 대신 나를 한 번 쳐다봤다. 그 눈빛을 오래 잊지 못할 것 같았다.,로사는 대답하지 않았다. 대신 나를 한 번 쳐다봤다. 그 눈빛을 오래 잊지 못할 것 같았다.,Jessie didn't answer. She just looked at me once. I had a feeling I wouldn't forget that look for a long time.
"퇴근길, 창고 정문 앞에 뾰족머리 소년이 버티고 서 있었다. 오박사의 손자, 그린이었다.","퇴근길, 창고 정문 앞에 뾰족머리 소년이 버티고 서 있었다. 오박사의 손자, 그린이었다.","On my way home, a spiky-haired boy stood planted at the warehouse gate. Professor Oak's grandson, Blue."
…너? 태초마을 옆집 살던 애 아니야? 너 로켓단이었냐?,…너? 태초마을 옆집 살던 애 아니야? 너 로켓단이었냐?,...You? Aren't you the kid from next door in Pallet Town? You're with Team Rocket?
우리 누나 포니타가 이 창고를 거쳐 갔다는 걸 알아. 어디로 보냈어. 말해.,우리 누나 포니타가 이 창고를 거쳐 갔다는 걸 알아. 어디로 보냈어. 말해.,I know my sister's Ponyta came through this warehouse. Where'd you send it? Talk.
노랑시티 본사 연구동이라고 알려 준다 (의심도 +20),노랑시티 본사 연구동이라고 알려 준다 (의심도 +20),Tell him: the HQ Research Wing in Saffron City (Suspicion +20)
그래? 말로 안 하겠다면 포켓몬으로 하자. 지면 경찰서까지 끌고 간다.,그래? 말로 안 하겠다면 포켓몬으로 하자. 지면 경찰서까지 끌고 간다.,"Oh yeah? If you won't talk, we'll battle. If you lose, I'm dragging you to the police."
그린의 피죤투,그린의 피죤투,Blue's Pidgeot
…말도 안 돼. 로켓단 창고 직원한테 지다니. 오늘은 돌아가지만 누나 포니타는 내가 꼭 찾는다.,…말도 안 돼. 로켓단 창고 직원한테 지다니. 오늘은 돌아가지만 누나 포니타는 내가 꼭 찾는다.,"...No way. Beaten by some Team Rocket warehouse worker? I'll back off for today, but I WILL find my sister's Ponyta."
역시 그 정도구나. 경찰한테 네 이름부터 대 주지. 레드한테도 말해 둘 거야.,역시 그 정도구나. 경찰한테 네 이름부터 대 주지. 레드한테도 말해 둘 거야.,Figures. I'm giving your name to the police first thing. I'm telling Red too.
…본사 연구동. 알았어. 고맙다는 말은 안 해.,…본사 연구동. 알았어. 고맙다는 말은 안 해.,...The HQ Research Wing. Got it. Don't expect me to thank you.
4주차 수요일,4주차 수요일,Week 4 · Wednesday
할당량 5마리. 오늘은 간부 후보 임명식이 있다.,할당량 5마리. 오늘은 간부 후보 임명식이 있다.,Quota: 5 Pokémon. Today is the Executive candidate appointment ceremony.
[수배] 마그마 (실프 보일러실),[수배] 마그마 (실프 보일러실),[Wanted] Magmar (Silph Boiler Room)
마그마,마그마,Magmar
실프 보일러실.,실프 보일러실.,Silph boiler room.
실프 물류팀 창고.,실프 물류팀 창고.,Silph logistics storeroom.
상자를 스스로 들어 옮기려 한다. 작업복 명찰에 '물류팀 막내 알통이'.,상자를 스스로 들어 옮기려 한다. 작업복 명찰에 '물류팀 막내 알통이'.,It keeps trying to carry crates on its own. The name tag on its work uniform reads 'Logistics Rookie Muscles.'
노랑시티 실프 물류팀,노랑시티 실프 물류팀,"Silph Logistics Team, Saffron City"
[상록일보] 실프 물류팀 알통몬 복귀. 점거 중인 빌딩에 몰래 식량 상자를 날랐다.,[상록일보] 실프 물류팀 알통몬 복귀. 점거 중인 빌딩에 몰래 식량 상자를 날랐다.,[Viridian Daily] Silph Logistics' Machop is back on the job. It had been sneaking food crates into the occupied building.
실프 옥상 온실.,실프 옥상 온실.,Silph rooftop greenhouse.
4주차 수요일 · 임명식,4주차 수요일 · 임명식,Week 4 · Wednesday · The Ceremony
"신입, 앞으로 나와라. 오늘부로 넌 간부 후보다. 선물도 준비했다.","신입, 앞으로 나와라. 오늘부로 넌 간부 후보다. 선물도 준비했다.","Rookie, step forward. As of today, you're an Executive candidate. I've even got a gift for you."
아폴로가 건넨 몬스터볼에는 스티커가 붙어 있었다. '오박사 연구소 관리 번호 001.',아폴로가 건넨 몬스터볼에는 스티커가 붙어 있었다. '오박사 연구소 관리 번호 001.',"The Poké Ball Archer handed over had a sticker on it: 'Professor Oak's Lab, Control No. 001.'"
연구소 개체다. 네가 직접 검수해서 올려 보낸 녀석이지. 로켓단 간부의 첫 포켓몬으로 이만한 게 없지.,연구소 개체다. 네가 직접 검수해서 올려 보낸 녀석이지. 로켓단 간부의 첫 포켓몬으로 이만한 게 없지.,A lab specimen. You inspected and shipped it up yourself. No better first Pokémon for a Team Rocket Executive.
몬스터볼을 받는다,몬스터볼을 받는다,Accept the Poké Ball
받을 자격이 없다고 한다,받을 자격이 없다고 한다,Say you don't deserve it
배부른 소리군. 그럼 세나에게 주지.,배부른 소리군. 그럼 세나에게 주지.,"How ungrateful. Fine, Sena gets it."
"세나, 앞으로 나와라. 로이를 찾은 공으로 오늘부터 간부 후보다.","세나, 앞으로 나와라. 로이를 찾은 공으로 오늘부터 간부 후보다.","Sena, step forward. For finding James, you're an Executive candidate as of today."
세나가 받은 몬스터볼에는 스티커가 붙어 있었다. '오박사 연구소 관리 번호 001.' 내가 검수해서 올려 보낸 그 녀석이었다.,세나가 받은 몬스터볼에는 스티커가 붙어 있었다. '오박사 연구소 관리 번호 001.' 내가 검수해서 올려 보낸 그 녀석이었다.,"The Poké Ball Sena received had a sticker: 'Professor Oak's Lab, Control No. 001.' The very one I had inspected and sent up."
…이상해씨네. 나 포켓몬 받은 거 처음이야. 가디 뺏긴 뒤로 처음.,…이상해씨네. 나 포켓몬 받은 거 처음이야. 가디 뺏긴 뒤로 처음.,...A Bulbasaur. This is the first Pokémon anyone's ever given me. The first since they took my Growlithe.
이제 빚만 갚으면 돼. 본사가 약속했으니까.,이제 빚만 갚으면 돼. 본사가 약속했으니까.,Now I just have to pay off my debt. HQ promised.
임명식은 열리지 않았다. 아폴로는 오전 내내 전화기를 붙들고 소리를 질렀다. 실프 빌딩 쪽 소식이 좋지 않은 모양이었다.,임명식은 열리지 않았다. 아폴로는 오전 내내 전화기를 붙들고 소리를 질렀다. 실프 빌딩 쪽 소식이 좋지 않은 모양이었다.,"The ceremony never happened. Archer spent the whole morning yelling into the phone. Things weren't going well at Silph, it seemed."
4주차 목요일,4주차 목요일,Week 4 · Thursday
할당량 5마리. 창고 안이 어수선하다.,할당량 5마리. 창고 안이 어수선하다.,Quota: 5 Pokémon. The warehouse is in chaos.
[수배] 실프 관리 번호가 붙은 개체 전부,[수배] 실프 관리 번호가 붙은 개체 전부,[Wanted] All specimens with Silph control numbers
[상록일보] 사파리존에서 새끼 캥카 한 마리가 어미를 찾아 울며 헤매고 있다.,[상록일보] 사파리존에서 새끼 캥카 한 마리가 어미를 찾아 울며 헤매고 있다.,"[Viridian Daily] A baby Kangaskhan is wandering the Safari Zone, crying for its mother."
캥카,캥카,Kangaskhan
배 주머니가 비어 있다. 계속 상자 벽을 더듬는다.,배 주머니가 비어 있다. 계속 상자 벽을 더듬는다.,Its belly pouch is empty. It keeps feeling along the crate walls.
붐볼,붐볼,Electrode
실프 관리 번호가 붙어 있다. 조금씩 부풀어 오르고 있다. 곧 터질 것 같다.,실프 관리 번호가 붙어 있다. 조금씩 부풀어 오르고 있다. 곧 터질 것 같다.,It's tagged with a Silph control number. It's slowly swelling up. It looks ready to blow.
[상록일보] 로켓단 트럭 적재함 폭발. 짐칸의 상자 여러 개가 부서졌다.,[상록일보] 로켓단 트럭 적재함 폭발. 짐칸의 상자 여러 개가 부서졌다.,[Viridian Daily] Team Rocket truck's cargo bed explodes. Several crates in the back were destroyed.
[상록일보] 상록시티 외곽 풀밭에서 한밤중 폭발음. 로켓단 창고 쪽이라는 신고.,[상록일보] 상록시티 외곽 풀밭에서 한밤중 폭발음. 로켓단 창고 쪽이라는 신고.,[Viridian Daily] Late-night explosion in a field outside Viridian City. Reports say it came from the Team Rocket warehouse.
실프 수면 연구실.,실프 수면 연구실.,Silph sleep research lab.
실프 옥상에서 잡았다.,실프 옥상에서 잡았다.,Caught on the Silph rooftop.
발목에 쪽지가 묶여 있다. '11층에 사장님과 사원 서른 명이 갇혀 있음. 경찰에 전해 주세요.',발목에 쪽지가 묶여 있다. '11층에 사장님과 사원 서른 명이 갇혀 있음. 경찰에 전해 주세요.',A note is tied to its leg: 'The president and 30 staff are trapped on 11F. Please tell the police.'
[상록일보] 실프 빌딩에서 날아온 피죤의 발목에 구조 요청 쪽지. 경찰 특공대가 출동 준비에 들어갔다.,[상록일보] 실프 빌딩에서 날아온 피죤의 발목에 구조 요청 쪽지. 경찰 특공대가 출동 준비에 들어갔다.,[Viridian Daily] Pidgeotto flies out of the Silph building with a rescue note tied to its leg. Police special forces prepare to move in.
4주차 목요일 · 전야,4주차 목요일 · 전야,Week 4 · Thursday · The Night Before
"[상록일보] 로켓단, 노랑시티 실프주식회사 점거 나흘째. 소년 트레이너 레드 군이 실프 빌딩 안으로 들어가는 모습이 목격됐다.","[상록일보] 로켓단, 노랑시티 실프주식회사 점거 나흘째. 소년 트레이너 레드 군이 실프 빌딩 안으로 들어가는 모습이 목격됐다.",[Viridian Daily] Team Rocket's takeover of Silph Co. in Saffron City enters day four. Boy Trainer Red was seen entering the Silph building.
창고 안 전화가 하루 종일 울렸다. 트럭은 오전에 한 번 오고 오후에는 오지 않았다.,창고 안 전화가 하루 종일 울렸다. 트럭은 오전에 한 번 오고 오후에는 오지 않았다.,The warehouse phone rang all day. The truck came once in the morning and never came back in the afternoon.
밤새 원룸 구석에서 폴리곤이 창고 단말기 전선에 몸을 대고 있었다. 녀석은 본사 기록망에 들어가 있었다.,밤새 원룸 구석에서 폴리곤이 창고 단말기 전선에 몸을 대고 있었다. 녀석은 본사 기록망에 들어가 있었다.,"All night, Porygon sat in a corner of the apartment, pressed against the warehouse terminal's cable. It had slipped into HQ's records network."
검수 기록에서 내 이름만 지우게 한다 (수사망 -50),검수 기록에서 내 이름만 지우게 한다 (수사망 -50),Have it erase only my name from the inspection records (Police Heat -50)
로사와 로이의 이름까지 지우게 한다 (수사망 -35),로사와 로이의 이름까지 지우게 한다 (수사망 -35),Have it erase Jessie's and James's names too (Police Heat -35)
아무것도 지우지 않는다,아무것도 지우지 않는다,Don't erase anything
폴리곤이 삐빅 소리를 내더니 조용해졌다. 모니터의 서명란에서 내 이름이 사라졌다.,폴리곤이 삐빅 소리를 내더니 조용해졌다. 모니터의 서명란에서 내 이름이 사라졌다.,"Porygon beeped, then went quiet. My name vanished from the signature field on the monitor."
폴리곤이 삐빅 소리를 내더니 조용해졌다. 모니터의 서명란이 하나씩 빈칸이 되었다. 로사와 로이의 이름도.,폴리곤이 삐빅 소리를 내더니 조용해졌다. 모니터의 서명란이 하나씩 빈칸이 되었다. 로사와 로이의 이름도.,"Porygon beeped, then went quiet. One by one, the signature fields on the monitor went blank. Jessie's and James's names too."
밤늦게 미안. 잠깐 창고로 와 줄래? 셋이 할 얘기가 있어.,밤늦게 미안. 잠깐 창고로 와 줄래? 셋이 할 얘기가 있어.,Sorry it's so late. Can you come to the warehouse for a bit? The three of us need to talk.
실프 쪽이 무너지고 있어. 본사가 무너지면 아폴로 간부님은 창고에 있는 걸 전부 싣고 도망칠 거야. 상자까지 전부.,실프 쪽이 무너지고 있어. 본사가 무너지면 아폴로 간부님은 창고에 있는 걸 전부 싣고 도망칠 거야. 상자까지 전부.,"Silph's falling apart. If HQ goes down, Executive Archer will load up everything in the warehouse and run. Crates and all."
그래서 트럭 열쇠를 하나 몰래 복사해 뒀다옹. 내 목걸이에 달려 있다옹.,그래서 트럭 열쇠를 하나 몰래 복사해 뒀다옹. 내 목걸이에 달려 있다옹.,"So I secretly copied a truck key, meow. It's hanging on my collar, meow."
"내일 무슨 일이 생기면, 우리는 마지막 트럭을 몰고 나갈 거야. 상자에 든 녀석들을 전부 풀어 줄 거야. 너도 올지는 네가 정해.","내일 무슨 일이 생기면, 우리는 마지막 트럭을 몰고 나갈 거야. 상자에 든 녀석들을 전부 풀어 줄 거야. 너도 올지는 네가 정해.","If anything happens tomorrow, we're driving off in the last truck. We'll free every Pokémon in those crates. Whether you come is up to you."
같이 가겠다고 한다,같이 가겠다고 한다,Say you'll come
하룻밤 생각해 보겠다고 한다,하룻밤 생각해 보겠다고 한다,Say you'll sleep on it
좋아. 그럼 내일 정문에서 보자. 넷이서.,좋아. 그럼 내일 정문에서 보자. 넷이서.,Great. See you at the front gate tomorrow. All four of us.
"…나 방금 본사에 전화해 봤어. 아무도 안 받아. 간부가 되면 빚을 갚아 준다던 약속, 누가 지켜 줄까?","…나 방금 본사에 전화해 봤어. 아무도 안 받아. 간부가 되면 빚을 갚아 준다던 약속, 누가 지켜 줄까?",...I just called HQ. Nobody's answering. That promise to pay off my debt once I made Executive... who's going to keep it now?
4주차 금요일,4주차 금요일,Week 4 · Friday
4주차 금요일 · 불,4주차 금요일 · 불,Week 4 · Friday · Fire
"[라디오 속보] 실프주식회사 점거 사태 끝. 로켓단 두목 비주기, 실프 빌딩 11층에서 소년 트레이너에게 패배. 비주기는 로켓단 해산을 선언하고 자취를 감췄다.","[라디오 속보] 실프주식회사 점거 사태 끝. 로켓단 두목 비주기, 실프 빌딩 11층에서 소년 트레이너에게 패배. 비주기는 로켓단 해산을 선언하고 자취를 감췄다.",[Radio Bulletin] The Silph Co. takeover is over. Team Rocket boss Giovanni was defeated by a boy Trainer on Silph's 11th floor. Giovanni declared Team Rocket disbanded and vanished.
다들 들었나. 기록은 전부 태운다. 창고에 있는 상자는 전부 트럭에 싣는다. 우리는 오늘 밤 성도로 간다.,다들 들었나. 기록은 전부 태운다. 창고에 있는 상자는 전부 트럭에 싣는다. 우리는 오늘 밤 성도로 간다.,"You all heard. We burn every record. Every crate in the warehouse goes on the truck. Tonight, we leave for Johto."
로켓단은 끝나지 않았다. 보스가 없으면 우리가 다시 세운다. 3년이면 충분하다.,로켓단은 끝나지 않았다. 보스가 없으면 우리가 다시 세운다. 3년이면 충분하다.,"Team Rocket isn't finished. If the boss is gone, we'll rebuild it ourselves. Three years is plenty."
…빚은요? 간부가 되면 갚아 준다고 했잖아요.,…빚은요? 간부가 되면 갚아 준다고 했잖아요.,...What about my debt? You said you'd pay it off once I made Executive!
보스가 한 약속이다. 보스는 이제 없다.,보스가 한 약속이다. 보스는 이제 없다.,That was the boss's promise. The boss is gone.
아폴로가 서류 더미에 불을 붙였다. 불길은 금세 옆에 쌓인 상자 더미로 옮겨붙었다. 상자 안에서 포켓몬들이 울기 시작했다.,아폴로가 서류 더미에 불을 붙였다. 불길은 금세 옆에 쌓인 상자 더미로 옮겨붙었다. 상자 안에서 포켓몬들이 울기 시작했다.,"Archer set the pile of papers on fire. The flames quickly spread to the stacked crates beside it. Inside, the Pokémon began to cry out."
그때 뒷문이 벌컥 열렸다. 선글라스를 낀 꼬부기 다섯 마리가 줄지어 들어와 불길에 물대포를 쏘았다. 입사 둘째 날 풀어준 그 녀석이 맨 앞에 있었다.,그때 뒷문이 벌컥 열렸다. 선글라스를 낀 꼬부기 다섯 마리가 줄지어 들어와 불길에 물대포를 쏘았다. 입사 둘째 날 풀어준 그 녀석이 맨 앞에 있었다.,Then the back door burst open. Five Squirtle in sunglasses marched in and blasted the flames with Water Gun. At the front was the one I let go on my second day.
불길은 상자 더미 안쪽까지 번졌다. 앞쪽 상자를 끌어내는 사이 안쪽에서 들리던 울음소리가 하나둘 끊겼다.,불길은 상자 더미 안쪽까지 번졌다. 앞쪽 상자를 끌어내는 사이 안쪽에서 들리던 울음소리가 하나둘 끊겼다.,"The fire spread deep into the stacks of crates. While I dragged out the ones up front, the cries from further in went quiet, one by one."
멀리서 사이렌 소리가 들렸다. 경찰이 오고 있었다.,멀리서 사이렌 소리가 들렸다. 경찰이 오고 있었다.,Sirens wailed in the distance. The police were on their way.
이제 정해야 한다.,이제 정해야 한다.,Now I have to decide.
아폴로를 따라 트럭에 탄다,아폴로를 따라 트럭에 탄다,Get in the truck with Archer
현명하군. 너 같은 녀석이 살아남는다.,현명하군. 너 같은 녀석이 살아남는다.,Smart. Your kind survives.
트럭 짐칸에는 상자가 빽빽했다. 트럭은 사이렌 소리와 반대쪽으로 달렸다.,트럭 짐칸에는 상자가 빽빽했다. 트럭은 사이렌 소리와 반대쪽으로 달렸다.,The cargo bed was packed with crates. The truck sped off away from the sirens.
주머니 속 몬스터볼이 조금 흔들렸다. 관리 번호 001. 로켓단이 준 내 첫 포켓몬이었다.,주머니 속 몬스터볼이 조금 흔들렸다. 관리 번호 001. 로켓단이 준 내 첫 포켓몬이었다.,"The Poké Ball in my pocket wobbled a little. Control No. 001. My first Pokémon, courtesy of Team Rocket."
"3년 뒤, 성도지방","3년 뒤, 성도지방","Three years later, Johto"
나는 아폴로 밑에서 창고 하나를 맡고 있다. 오늘 신입이 한 명 들어왔다.,나는 아폴로 밑에서 창고 하나를 맡고 있다. 오늘 신입이 한 명 들어왔다.,I run a warehouse under Archer now. A new hire started today.
…상자에 가끔 편지나 이름표 같은 게 딸려 와. 그런 건 그냥 안 읽는 게 편해.,…상자에 가끔 편지나 이름표 같은 게 딸려 와. 그런 건 그냥 안 읽는 게 편해.,...Sometimes crates come with letters or name tags. It's easier if you just don't read them.
그게 누가 했던 말인지 떠올리는 데 한참 걸렸다.,그게 누가 했던 말인지 떠올리는 데 한참 걸렸다.,It took me a long while to remember who used to say that.
타다 남은 기록 상자를 안고 경찰에게 간다,타다 남은 기록 상자를 안고 경찰에게 간다,Take the half-burned records box to the police
타다 남은 기록 상자를 끌어안고 창고 정문으로 나갔다. 경찰차 불빛이 눈을 찔렀다.,타다 남은 기록 상자를 끌어안고 창고 정문으로 나갔다. 경찰차 불빛이 눈을 찔렀다.,I hugged the half-burned records box and walked out the front gate. The police lights stung my eyes.
경찰은 이미 이 창고 위치를 알고 있었다. 실프 옥상에서 날아온 피죤의 쪽지 덕분이라고 했다.,경찰은 이미 이 창고 위치를 알고 있었다. 실프 옥상에서 날아온 피죤의 쪽지 덕분이라고 했다.,The police already knew where the warehouse was. They said a note came by Pidgeotto from the roof of Silph Co.
당신 이름은 이미 수사 목록 맨 위에 있어요. 검수 서명이 몇 개인지 알아요?,당신 이름은 이미 수사 목록 맨 위에 있어요. 검수 서명이 몇 개인지 알아요?,Your name is already at the top of our list. Do you know how many inspection forms you signed?
그 상자로 살 수 있는 건 형량뿐이에요. 누구 이름을 댈 건지 정해요.,그 상자로 살 수 있는 건 형량뿐이에요. 누구 이름을 댈 건지 정해요.,That box can only buy you a shorter sentence. Decide whose names you're giving us.
"나는 진술서에 이름을 적었다. 아폴로, 본사 변호사, 그리고 끝까지 내 편이 아니었던 사람들의 이름을.","나는 진술서에 이름을 적었다. 아폴로, 본사 변호사, 그리고 끝까지 내 편이 아니었던 사람들의 이름을.","I wrote the names in my statement. Archer, the HQ lawyer, and everyone who was never really on my side."
형량은 절반으로 줄었다. 창살 너머로 보이는 하늘은 창고 뒷문 밖 하늘과 똑같았다.,형량은 절반으로 줄었다. 창살 너머로 보이는 하늘은 창고 뒷문 밖 하늘과 똑같았다.,My sentence was cut in half. The sky through the bars looked just like the sky outside the warehouse back door.
"잠깐, 쏘지 마! …3호가 꼬리를 흔들잖아. 당신, 그때 그 사람이죠?","잠깐, 쏘지 마! …3호가 꼬리를 흔들잖아. 당신, 그때 그 사람이죠?","Wait, hold your fire! ...No. 3 is wagging its tail. You're that person from before, aren't you?"
"3호가 그날 혼자 돌아온 것도 당신 덕분이었나 보군요. 그 상자, 우리가 받겠습니다.","3호가 그날 혼자 돌아온 것도 당신 덕분이었나 보군요. 그 상자, 우리가 받겠습니다.",So you're the reason No. 3 made it back alone that day. We'll take that box.
나는 수갑을 찼다. 기록 상자는 증거물 봉투에 담겼다. 석 달 동안 나는 매일 경찰서에서 진술서를 썼다.,나는 수갑을 찼다. 기록 상자는 증거물 봉투에 담겼다. 석 달 동안 나는 매일 경찰서에서 진술서를 썼다.,"They cuffed me. The records box went into an evidence bag. For three months, I wrote statements at the station every day."
기록 상자에는 로켓단이 한 달 동안 훔친 포켓몬의 목록이 전부 들어 있었다. 경찰은 그 목록으로 주인을 하나씩 찾아 주기 시작했다.,기록 상자에는 로켓단이 한 달 동안 훔친 포켓몬의 목록이 전부 들어 있었다. 경찰은 그 목록으로 주인을 하나씩 찾아 주기 시작했다.,"The box held a full list of every Pokémon Team Rocket stole that month. The police used it to find their owners, one by one."
나도 진술할게. 기록 상자 안에 사채업자 장부도 있더라. 로켓단이랑 한통속이었어.,나도 진술할게. 기록 상자 안에 사채업자 장부도 있더라. 로켓단이랑 한통속이었어.,I'll testify too. The box had the loan shark's ledger in it. He was in bed with Team Rocket.
선배들과 마지막 트럭을 몰고 나간다,선배들과 마지막 트럭을 몰고 나간다,Drive out the last truck with Jessie and James
열쇠 여기 있다옹! 짐칸에 상자는 다 실었다옹!,열쇠 여기 있다옹! 짐칸에 상자는 다 실었다옹!,"Here's the key! The crates are all loaded, meow!"
"로이가 운전대를 잡고, 로사와 나는 짐칸에 올랐다. 창고 정문 앞을 아폴로가 막아서고 있었다.","로이가 운전대를 잡고, 로사와 나는 짐칸에 올랐다. 창고 정문 앞을 아폴로가 막아서고 있었다.",James took the wheel. Jessie and I climbed into the back. Archer was blocking the front gate.
그때 정문 경비실에서 또 한 명의 아폴로가 걸어 나왔다. 그 아폴로는 눈이 점 두 개였다. 그 아폴로가 정문 레버를 당겼다.,그때 정문 경비실에서 또 한 명의 아폴로가 걸어 나왔다. 그 아폴로는 눈이 점 두 개였다. 그 아폴로가 정문 레버를 당겼다.,Then a second Archer walked out of the guardhouse. This one had two dots for eyes. It pulled the gate lever.
"뭐, 뭐야? 나는 여기 있는데!","뭐, 뭐야? 나는 여기 있는데!",Wh-what?! I'm right here!
정문이 열렸다. 메타몽은 흐물흐물 녹아 짐칸으로 뛰어올랐다. 풀밭에서 돌봐 주던 그 녀석이었다.,정문이 열렸다. 메타몽은 흐물흐물 녹아 짐칸으로 뛰어올랐다. 풀밭에서 돌봐 주던 그 녀석이었다.,The gate opened. The Ditto melted into goo and hopped into the truck bed. It was the one I'd looked after in the meadow.
"어딜 가려고. 또도가스, 막아라.","어딜 가려고. 또도가스, 막아라.","Going somewhere? Weezing, stop them."
아폴로의 또도가스,아폴로의 또도가스,Archer's Weezing
또도가스가 연기를 뿜으며 쓰러졌다. 로이가 그 틈에 정문 레버를 당겼다. 트럭이 연기 속을 뚫고 나갔다.,또도가스가 연기를 뿜으며 쓰러졌다. 로이가 그 틈에 정문 레버를 당겼다. 트럭이 연기 속을 뚫고 나갔다.,"Weezing collapsed in a cloud of smoke. James used the chance to pull the gate lever, and the truck tore through the smoke."
내가 막을게. 먼저 가!,내가 막을게. 먼저 가!,I'll hold him off. Go!
로이가 운전석에서 뛰어내려 아폴로에게 달려들었다. 로사가 운전대를 잡았다. 돌아봤을 때 로이는 아폴로의 부하들에게 둘러싸여 있었다.,로이가 운전석에서 뛰어내려 아폴로에게 달려들었다. 로사가 운전대를 잡았다. 돌아봤을 때 로이는 아폴로의 부하들에게 둘러싸여 있었다.,"James jumped out of the driver's seat and tackled Archer. Jessie grabbed the wheel. When I looked back, James was surrounded by Archer's goons."
트럭은 밤새 달려 상록숲 끝자락에 멈췄다. 우리는 상자를 하나씩 열었다.,트럭은 밤새 달려 상록숲 끝자락에 멈췄다. 우리는 상자를 하나씩 열었다.,We drove all night and stopped at the edge of Viridian Forest. We opened the crates one by one.
달빛 아래로 포켓몬들이 흩어졌다. 마지막 상자까지 비었을 때 해가 뜨고 있었다.,달빛 아래로 포켓몬들이 흩어졌다. 마지막 상자까지 비었을 때 해가 뜨고 있었다.,"The Pokémon scattered under the moonlight. By the time the last crate was empty, the sun was rising."
이제 어디로 가지? 로켓단 옷밖에 없는데.,이제 어디로 가지? 로켓단 옷밖에 없는데.,So where do we go now? All we've got are Team Rocket uniforms.
그럼 그 옷 입고 다니면 된다옹. 이름만 로켓단이고 하는 짓은 반대인 로켓단이다옹.,그럼 그 옷 입고 다니면 된다옹. 이름만 로켓단이고 하는 짓은 반대인 로켓단이다옹.,"Then we wear 'em! Team Rocket in name, but doing the opposite, meow."
좋네. 매번 실패하는 로켓단. 뭔가를 훔치려다 꼭 놓쳐 버리는 로켓단.,좋네. 매번 실패하는 로켓단. 뭔가를 훔치려다 꼭 놓쳐 버리는 로켓단.,I like it. A Team Rocket that always fails. That always lets what it steals slip away.
로이를 데리러 가자. 성도든 어디든. 우리는 원래 셋이었어. 이제 넷이고.,로이를 데리러 가자. 성도든 어디든. 우리는 원래 셋이었어. 이제 넷이고.,Let's go get James. Johto or wherever. There were always three of us. Now there are four.
혼자 조용히 뒷문으로 나간다,혼자 조용히 뒷문으로 나간다,Slip out the back door alone
뒷문 밖 풀밭을 지나 걸었다. 뒤에서 사이렌 소리와 고함이 섞여 들렸다. 돌아보지 않았다.,뒷문 밖 풀밭을 지나 걸었다. 뒤에서 사이렌 소리와 고함이 섞여 들렸다. 돌아보지 않았다.,"I walked through the meadow out back. Behind me, sirens mixed with shouting. I didn't look back."
사흘을 걸어 태초마을에 닿았다.,사흘을 걸어 태초마을에 닿았다.,"After three days on foot, I reached Pallet Town."
집 앞 골목에 검은 양복 둘이 서 있었다. 아폴로의 부하들이었다.,집 앞 골목에 검은 양복 둘이 서 있었다. 아폴로의 부하들이었다.,Two men in black suits stood in the alley by my house. Archer's men.
잊었나? 경찰에서 네 이름을 빼 준 게 누군지. 우리 사람은 도망치지 않는다.,잊었나? 경찰에서 네 이름을 빼 준 게 누군지. 우리 사람은 도망치지 않는다.,Forgot who kept your name out of the police files? Our people don't run.
나는 아폴로 밑에서 창고 하나를 맡고 있다. 도망친 적이 있다는 건 아무도 모른다.,나는 아폴로 밑에서 창고 하나를 맡고 있다. 도망친 적이 있다는 건 아무도 모른다.,I run a warehouse under Archer now. Nobody knows I once tried to run.
집 앞에 경찰차가 서 있었다. 아버지가 대문 앞에서 경찰과 이야기하고 있었다.,집 앞에 경찰차가 서 있었다. 아버지가 대문 앞에서 경찰과 이야기하고 있었다.,"A police car was parked outside my house. My father stood at the gate, talking with an officer."
아버지는 나를 보고도 아무 말을 하지 않았다. 수갑이 채워지는 동안 대문을 닫지도 않았다.,아버지는 나를 보고도 아무 말을 하지 않았다. 수갑이 채워지는 동안 대문을 닫지도 않았다.,My father saw me and said nothing. He didn't close the gate while they cuffed me.
집 앞에서 한참을 서 있다가 문을 열었다. 아버지는 아무 말 없이 밥을 차렸다.,집 앞에서 한참을 서 있다가 문을 열었다. 아버지는 아무 말 없이 밥을 차렸다.,I stood outside the house for a long time before opening the door. My father set the table without a word.
"다음 날 아침, 빈 몬스터볼을 들고 오박사 연구소에 갔다.","다음 날 아침, 빈 몬스터볼을 들고 오박사 연구소에 갔다.","The next morning, I took my empty Poké Ball to Professor Oak's lab."
"오, 자네 왔구나. 마침 잘 왔네. 한 달 전에 도둑맞았던 이상해씨가 혼자 돌아왔거든.","오, 자네 왔구나. 마침 잘 왔네. 한 달 전에 도둑맞았던 이상해씨가 혼자 돌아왔거든.","Oh, it's you! Good timing. The Bulbasaur that was stolen a month ago came back on its own."
그 뒤로 날마다 연구소 문 앞에 앉아서 누구를 기다렸지. 오늘 아침엔 새벽부터 나가 있더군.,그 뒤로 날마다 연구소 문 앞에 앉아서 누구를 기다렸지. 오늘 아침엔 새벽부터 나가 있더군.,"Ever since, it's sat by the lab door every day, waiting for someone. This morning it was out there before dawn."
연구소 문 앞에 이상해씨가 앉아 있었다. 등에 붙은 스티커는 반쯤 떨어져 있었다. 관리 번호 001.,연구소 문 앞에 이상해씨가 앉아 있었다. 등에 붙은 스티커는 반쯤 떨어져 있었다. 관리 번호 001.,Bulbasaur was sitting by the lab door. The sticker on its back was half peeled off. Control No. 001.
"서류 도장은 이제 필요 없네. 자네는 이제 스스로 정할 수 있는 나이니까. 그 몬스터볼, 오래 기다렸지?","서류 도장은 이제 필요 없네. 자네는 이제 스스로 정할 수 있는 나이니까. 그 몬스터볼, 오래 기다렸지?","You don't need a signed form anymore. You're old enough to decide for yourself. That Poké Ball has waited long enough, hasn't it?"
"마침 잘 왔네. 어제 어떤 젊은 아가씨가 도둑맞은 이상해씨를 돌려주고 갔다네. 자네 이름을 대면서, 이 녀석은 자네 차례라고 전해 달라더군.","마침 잘 왔네. 어제 어떤 젊은 아가씨가 도둑맞은 이상해씨를 돌려주고 갔다네. 자네 이름을 대면서, 이 녀석은 자네 차례라고 전해 달라더군.",Good timing. Yesterday a young woman brought back a stolen Bulbasaur. She gave your name and said to tell you it was your turn.
자네 차례였던 그 이상해씨 말인가…. 한 달 전에 도둑맞았다네. 로켓단 짓이라더군. 미안하네.,자네 차례였던 그 이상해씨 말인가…. 한 달 전에 도둑맞았다네. 로켓단 짓이라더군. 미안하네.,"The Bulbasaur that was meant for you...? It was stolen a month ago. Team Rocket, they say. I'm sorry."
"빈 몬스터볼을 도로 주머니에 넣었다. 누가 그 녀석을 트럭에 실었는지, 나는 알고 있었다.","빈 몬스터볼을 도로 주머니에 넣었다. 누가 그 녀석을 트럭에 실었는지, 나는 알고 있었다.",I put the empty Poké Ball back in my pocket. I knew exactly who had loaded it onto that truck.
로켓단 신입사원,로켓단 신입사원,Team Rocket Intern Days
이 브라우저에서는 저장이 지워질 수 있어요. '저장 코드'를 복사해 두면 하던 곳부터 이어할 수 있어요.,이 브라우저에서는 저장이 지워질 수 있어요. '저장 코드'를 복사해 두면 하던 곳부터 이어할 수 있어요.,This browser may erase your save. Copy a save code to pick up right where you left off.
처음부터,처음부터,New Game
이어하기,이어하기,Continue
설정,설정,Settings
도전 과제 (%d / %d),도전 과제 (%d / %d),Achievements (%d / %d)
기록실 (%d / %d),기록실 (%d / %d),Archive (%d / %d)
"[달성] %s%s
    %s","[달성] %s%s
    %s","[Done] %s%s
    %s"
어떤 결말에 이른다.,어떤 결말에 이른다.,Reach any ending.
도전 과제,도전 과제,Achievements
끝까지 간 판: %d번,끝까지 간 판: %d번,Runs completed: %d
[결말],[결말],[Endings]
[%s의 운명 %d / %d],[%s의 운명 %d / %d],[%s's Fate %d / %d]
기록실,기록실,Archive
"도전 과제 달성
%s","도전 과제 달성
%s","Achievement unlocked
%s"
"도전 과제 달성: %s
등록 코드 %s","도전 과제 달성: %s
등록 코드 %s","Achievement unlocked: %s
Entry code %s"
%s 앞으로 나섰다. 상대는 %s.,%s 앞으로 나섰다. 상대는 %s.,%s stepped forward. The opponent: %s.
신입. 뒷문 밖 풀밭에 네 발자국이 너무 많다. 모를 줄 알았나?,신입. 뒷문 밖 풀밭에 네 발자국이 너무 많다. 모를 줄 알았나?,Rookie. Too many of your footprints in the back meadow. Thought I wouldn't notice?
벌금 %s원이다. 이건 마지막 경고다. 한 번만 더 걸리면 그땐 끝이다.,벌금 %s원이다. 이건 마지막 경고다. 한 번만 더 걸리면 그땐 끝이다.,That's a %s won fine. Final warning. Get caught once more and you're done.
상자 %d / %d,상자 %d / %d,Crate %d / %d
수거 메모: ,수거 메모: ,Pickup note: 
주인에게 돌려보내기 (-%s원),주인에게 돌려보내기 (-%s원),Mail back to owner (-%s won)
오늘 본사로 보낸 포켓몬은 %d마리다. 할당량은 %d마리였다.,오늘 본사로 보낸 포켓몬은 %d마리다. 할당량은 %d마리였다.,I sent %d Pokémon to HQ today. The quota was %d.
할당량을 채워서 달성 수당 %s원이 붙었다.,할당량을 채워서 달성 수당 %s원이 붙었다.,I met the quota and got a %s won bonus.
할당량을 채우지 못해서 달성 수당은 없다.,할당량을 채우지 못해서 달성 수당은 없다.,"I didn't meet the quota, so no bonus."
연구소 포켓몬 특별 수당으로 %s원을 더 받았다.,연구소 포켓몬 특별 수당으로 %s원을 더 받았다.,I got an extra %s won for lab Pokémon.
반품된 포켓몬: %s. 한 마리당 %s원씩 깎였다.,반품된 포켓몬: %s. 한 마리당 %s원씩 깎였다.,Returned Pokémon: %s. I got docked %s won for each.
수배 목록에 있던 %s 칸이 비어서 본사에 보고됐다. 벌금 %s원.,수배 목록에 있던 %s 칸이 비어서 본사에 보고됐다. 벌금 %s원.,The %s slot on the Wanted list came up empty and was reported to HQ. I was fined %s won.
오늘 일당은 %s원이다.,오늘 일당은 %s원이다.,I made %s won today.
저녁값과 교통비로 %s원이 나갔다. 남은 돈은 %s원이다.,저녁값과 교통비로 %s원이 나갔다. 남은 돈은 %s원이다.,I spent %s won on dinner and the bus. I have %s won left.
"집에 오는 길, 가로등 아래에 %s 닮은 그림자가 잠깐 서 있다가 사라졌다.","집에 오는 길, 가로등 아래에 %s 닮은 그림자가 잠깐 서 있다가 사라졌다.","On the way home, a shadow like %s stood under a streetlight for a moment, then vanished."
%s 방구석에서 자고 있다.,%s 방구석에서 자고 있다.,%s is asleep in the corner.
라디오 주파수를 돌리다 로켓단 무전이 잡혔다. '내일 지침: %s',라디오 주파수를 돌리다 로켓단 무전이 잡혔다. '내일 지침: %s',"Flipping through radio stations, I caught a Team Rocket transmission. ""Tomorrow's orders: %s"""
목요일,목요일,Thursday
내일이 월세 갚는 날이다. 갚아야 할 돈은 %s원이다.,내일이 월세 갚는 날이다. 갚아야 할 돈은 %s원이다.,Rent is due tomorrow. I owe %s won.
밤늦게 뒷문 풀밭에 들렀다. %s 아직 남아 있다.,밤늦게 뒷문 풀밭에 들렀다. %s 아직 남아 있다.,"Late at night, I stopped by the back meadow. Still there: %s."
풀밭에 머무는 녀석이 늘수록 누군가 눈치챌 위험도 커진다.,풀밭에 머무는 녀석이 늘수록 누군가 눈치챌 위험도 커진다.,"The more of them stay in the meadow, the likelier someone notices."
먹이를 두고 온다 (-%s원 · 모두 친밀도 +1),먹이를 두고 온다 (-%s원 · 모두 친밀도 +1),Leave food (-%s won · All Friendship +1)
%s 원룸에 데려간다,%s 원룸에 데려간다,Take %s to the apartment
%s 놀아 준다 (친밀도 %d → %d),%s 놀아 준다 (친밀도 %d → %d),Play with %s (Friendship %d → %d)
은신처를 만들어 준다 (-%s원 · 들킬 위험 절반),은신처를 만들어 준다 (-%s원 · 들킬 위험 절반),Build a hideout (-%s won · Half the risk)
그냥 돌아간다,그냥 돌아간다,Just go home
먹이 그릇을 채워 두었다. 풀숲에서 조심스럽게 다가오는 소리가 났다.,먹이 그릇을 채워 두었다. 풀숲에서 조심스럽게 다가오는 소리가 났다.,I filled the food bowl. Something crept closer through the grass.
%s 한참 뛰어놀았다. 돌아갈 때 녀석이 뒷문까지 따라 나왔다.,%s 한참 뛰어놀았다. 돌아갈 때 녀석이 뒷문까지 따라 나왔다.,You played with %s for ages. It followed you all the way to the back door.
%s 이제 풀밭을 떠나지 않을 것 같다. 원룸에 데려갈 수도 있다.,%s 이제 풀밭을 떠나지 않을 것 같다. 원룸에 데려갈 수도 있다.,%s doesn't seem to want to leave the meadow now. I could take it home.
버려진 상자와 방수포로 풀숲 깊은 곳에 은신처를 만들었다. 이제 멀리서는 잘 보이지 않는다.,버려진 상자와 방수포로 풀숲 깊은 곳에 은신처를 만들었다. 이제 멀리서는 잘 보이지 않는다.,I built a hideout deep in the grass from old crates and a tarp. It's hard to spot from far off now.
창고 다락,창고 다락,warehouse loft
원룸,원룸,apartment
%s 품에 안고 %s으로 돌아왔다. 녀석은 금방 구석 자리를 차지했다.,%s 품에 안고 %s으로 돌아왔다. 녀석은 금방 구석 자리를 차지했다.,I carried %s back to the %s. It claimed a corner right away.
%s 풀밭을 떠났다.,%s 풀밭을 떠났다.,%s left the meadow.
새벽 · 수갑,새벽 · 수갑,Dawn · Handcuffs
"새벽 다섯 시, 원룸 문이 부서졌다. 경찰이 내 이름을 불렀다.","새벽 다섯 시, 원룸 문이 부서졌다. 경찰이 내 이름을 불렀다.","At five in the morning, the apartment door was smashed in. The police called my name."
수갑이 손목에 닿는 순간 방구석에서 자던 캐이시가 눈을 떴다. 다음 순간 나는 상록숲 한가운데 서 있었다.,수갑이 손목에 닿는 순간 방구석에서 자던 캐이시가 눈을 떴다. 다음 순간 나는 상록숲 한가운데 서 있었다.,"The moment the cuffs touched my wrists, the Abra asleep in the corner opened its eyes. The next instant, I was standing in the middle of Viridian Forest."
캐이시는 하품을 한 번 하더니 다시 잠들었다. 이런 행운은 두 번 오지 않는다.,캐이시는 하품을 한 번 하더니 다시 잠들었다. 이런 행운은 두 번 오지 않는다.,Abra yawned once and went back to sleep. Luck like that doesn't strike twice.
"새벽 다섯 시, 원룸 문이 부서졌다","새벽 다섯 시, 원룸 문이 부서졌다","At five in the morning, the apartment door was smashed in"
출근길에 창고 앞에서 순경이 나를 불러 세웠다.,출근길에 창고 앞에서 순경이 나를 불러 세웠다.,"On the way to work, an Officer stopped me outside the warehouse."
잠깐 이야기 좀 합시다. 요즘 포켓몬을 잃어버린 주인들이 하나같이 이 창고 이야기를 해요. 검수 기록에 당신 이름이 있다는 제보도 들어왔고요.,잠깐 이야기 좀 합시다. 요즘 포켓몬을 잃어버린 주인들이 하나같이 이 창고 이야기를 해요. 검수 기록에 당신 이름이 있다는 제보도 들어왔고요.,Let's have a word. Every owner who's lost a Pokémon lately mentions this warehouse. And we got a tip your name is on the inspection records.
순경 옆의 3호가 내 손을 핥았다. 순경은 한참 나를 보더니 수첩을 덮었다.,순경 옆의 3호가 내 손을 핥았다. 순경은 한참 나를 보더니 수첩을 덮었다.,"No. 3, beside the Officer, licked my hand. The Officer studied me a long while, then closed the notebook."
아무것도 모른다고 잡아뗀다,아무것도 모른다고 잡아뗀다,Play dumb
트럭이 오는 시간을 흘려준다 (정보원이 된다),트럭이 오는 시간을 흘려준다 (정보원이 된다),Leak the truck schedule (become an informant)
다음에 또 봅시다. 그땐 수첩 말고 영장을 들고 올 수도 있어요.,다음에 또 봅시다. 그땐 수첩 말고 영장을 들고 올 수도 있어요.,See you around. Next time I might bring a warrant instead of a notebook.
…좋아요. 당신 이름은 당분간 수첩에서 빼 두죠. 대신 약속은 지켜요.,…좋아요. 당신 이름은 당분간 수첩에서 빼 두죠. 대신 약속은 지켜요.,...All right. I'll keep your name out of my notebook for now. But keep your end of the deal.
가택 수색,가택 수색,Home Search
퇴근해서 돌아오니 경찰 둘이 원룸 문 앞에 서 있었다. 수색 영장이었다.,퇴근해서 돌아오니 경찰 둘이 원룸 문 앞에 서 있었다. 수색 영장이었다.,"When I got home from work, two officers were waiting at my door. They had a search warrant."
경찰은 한 시간 동안 방을 뒤졌지만 아무것도 찾지 못했다. 빈 몬스터볼 하나만 한참 들여다보다 내려놓았다.,경찰은 한 시간 동안 방을 뒤졌지만 아무것도 찾지 못했다. 빈 몬스터볼 하나만 한참 들여다보다 내려놓았다.,"They searched the apartment for an hour and found nothing. One stared at an empty Poké Ball for a while, then put it down."
경찰이 방구석의 피카츄 인형을 집어 들었다가 내려놓았다. 인형이 아주 조금 흐물거렸다.,경찰이 방구석의 피카츄 인형을 집어 들었다가 내려놓았다. 인형이 아주 조금 흐물거렸다.,"An officer picked up the Pikachu doll in the corner, then put it back. The doll went a tiny bit squishy."
메타몽은 다른 녀석들 위로 담요처럼 펼쳐져 인형 무더기인 척했다. 경찰은 빈손으로 돌아갔다.,메타몽은 다른 녀석들 위로 담요처럼 펼쳐져 인형 무더기인 척했다. 경찰은 빈손으로 돌아갔다.,Ditto spread itself over the others like a blanket and posed as a pile of dolls. The police left empty-handed.
경찰은 방구석의 %s 금방 찾아냈다. 도난 신고 목록과 대조하는 데 오 분도 걸리지 않았다.,경찰은 방구석의 %s 금방 찾아냈다. 도난 신고 목록과 대조하는 데 오 분도 걸리지 않았다.,The police found %s in the corner right away. Checking the stolen-Pokémon list took less than five minutes.
녀석들은 보호소로 옮겨졌다. 문을 나서면서 한 번씩 나를 돌아봤다.,녀석들은 보호소로 옮겨졌다. 문을 나서면서 한 번씩 나를 돌아봤다.,They were taken to a shelter. Each one looked back at me on the way out.
%s. 경찰이 내 이름을 불렀다. 검수 기록 맨 아래 서명란에 적힌 그 이름이었다.,%s. 경찰이 내 이름을 불렀다. 검수 기록 맨 아래 서명란에 적힌 그 이름이었다.,%s. The police called my name. The one signed at the bottom of every inspection form.
"본사로 보낸 포켓몬의 주인들이 차례로 증언했다. 이름표, 편지, 리본. 나는 그걸 다 읽고도 트럭에 실었다.","본사로 보낸 포켓몬의 주인들이 차례로 증언했다. 이름표, 편지, 리본. 나는 그걸 다 읽고도 트럭에 실었다.","The owners of the Pokémon I'd sent to HQ testified, one after another. Name tags, letters, ribbons. I'd read them all and loaded the truck anyway."
그 뒤의 사람들,그 뒤의 사람들,Where They Ended Up
%s 끝까지 내 곁에 있었다.,%s 끝까지 내 곁에 있었다.,%s stayed by my side to the very end.
원룸에 있던 %s 보호소로 옮겨졌다. 면회 날마다 창살 너머로 나를 찾았다고 한다.,원룸에 있던 %s 보호소로 옮겨졌다. 면회 날마다 창살 너머로 나를 찾았다고 한다.,%s from the apartment went to a shelter. I heard they looked for me through the bars every visiting day.
창고 다락 자릿세 %s원을 아폴로에게 냈다. 로켓단은 잠자리에도 돈을 받는다.,창고 다락 자릿세 %s원을 아폴로에게 냈다. 로켓단은 잠자리에도 돈을 받는다.,I paid Archer %s won for the loft space. Team Rocket even charges for a place to sleep.
밀린 월세 %s원을 갚았다. 통장에는 %s원이 남았다.,밀린 월세 %s원을 갚았다. 통장에는 %s원이 남았다.,I paid %s won in back rent. I have %s won left.
월세가 %s원 모자랐다.,월세가 %s원 모자랐다.,I was %s won short on rent.
모자라는 건 우리가 낼게. 대신 다음 달엔 꼭 갚아.,모자라는 건 우리가 낼게. 대신 다음 달엔 꼭 갚아.,"We'll cover the rest. Just pay us back next month, got it?"
월세를 갚았다. 통장에는 한 푼도 남지 않았다.,월세를 갚았다. 통장에는 한 푼도 남지 않았다.,I paid the rent. I don't have a coin left.
금요일 밤 · 짐 싸기,금요일 밤 · 짐 싸기,Friday Night · Packing Up
월세를 갚지 못했다. 집주인은 내일 아침까지 방을 비우라고 했다. 짐은 가방 두 개가 전부였다.,월세를 갚지 못했다. 집주인은 내일 아침까지 방을 비우라고 했다. 짐은 가방 두 개가 전부였다.,I couldn't pay the rent. The landlord said to be out by tomorrow morning. Everything I owned fit in two bags.
그럼 창고에서 자. 난로도 있어. 나옹이 코를 좀 골긴 하지만.,그럼 창고에서 자. 난로도 있어. 나옹이 코를 좀 골긴 하지만.,"Then sleep at the warehouse. There's a heater. Meowth snores a bit, though."
코는 로이가 더 곤다옹.,코는 로이가 더 곤다옹.,"James snores way louder, meow."
그날부터 나는 창고 다락 한쪽에서 잤다.,그날부터 나는 창고 다락 한쪽에서 잤다.,"From that day on, I slept in a corner of the warehouse loft."
월세를 갚지 못했다. 집주인은 내일 아침까지 방을 비우라고 했다.,월세를 갚지 못했다. 집주인은 내일 아침까지 방을 비우라고 했다.,I couldn't pay the rent. The landlord said to be out by tomorrow morning.
가방을 들고 창고까지 걸어갔지만 문이 잠겨 있었다. 로사는 전화를 받지 않았다.,가방을 들고 창고까지 걸어갔지만 문이 잠겨 있었다. 로사는 전화를 받지 않았다.,"I carried my bags to the warehouse, but it was locked. Jessie didn't pick up."
그만하고 경품 교환소로 간다,그만하고 경품 교환소로 간다,Quit and go to the Prize Corner
레버를 당긴다 (-%s원),레버를 당긴다 (-%s원),Pull the lever (-%s won)
7 7 7! 잭팟이다! 동전이 쏟아졌다.,7 7 7! 잭팟이다! 동전이 쏟아졌다.,7 7 7! Jackpot! Coins came pouring out.
체리가 셋 나란히 섰다.,체리가 셋 나란히 섰다.,Three cherries in a row.
피카츄 둘에 체리 하나. 본전은 건졌다.,피카츄 둘에 체리 하나. 본전은 건졌다.,Two Pikachu and a cherry. Broke even.
꽝. 슬롯머신이 동전을 삼켰다.,꽝. 슬롯머신이 동전을 삼켰다.,No luck. The slot machine ate your coins.
%s (지금 가진 돈 %s원),%s (지금 가진 돈 %s원),%s (I have %s won)
경품 진열장에는 낯선 포켓몬들뿐이었다.,경품 진열장에는 낯선 포켓몬들뿐이었다.,The prize case was full of unfamiliar Pokémon.
진열장에서 낯익은 녀석을 봤다. 하지만 지금 가진 돈으로는 바꿀 수 없었다.,진열장에서 낯익은 녀석을 봤다. 하지만 지금 가진 돈으로는 바꿀 수 없었다.,I spotted a familiar face in the prize case. But I couldn't afford it.
그냥 나간다,그냥 나간다,Leave
살 만한 물건이 없었다. 아니면 살 돈이 없었다.,살 만한 물건이 없었다. 아니면 살 돈이 없었다.,There was nothing worth buying. Or I had nothing to buy it with.
아무것도 사지 않는다,아무것도 사지 않는다,Don't buy anything
%s 샀다. 원룸에 가져다 두었다.,%s 샀다. 원룸에 가져다 두었다.,I bought %s and took it back to the apartment.
지난번에 찾아간 집들은 다 조용했다. 그걸로 됐다.,지난번에 찾아간 집들은 다 조용했다. 그걸로 됐다.,The homes I visited last time were all quiet. That was enough.
아무도 나를 알아보지 못했다. 그래서 오래 보고 있을 수 있었다.,아무도 나를 알아보지 못했다. 그래서 오래 보고 있을 수 있었다.,Nobody recognized me. So I could keep watching for a long time.
해고,해고,Fired
뒷문 밖 풀밭이 포켓몬 놀이터가 됐더군. 오늘부로 너는 로켓단원이 아니다.,뒷문 밖 풀밭이 포켓몬 놀이터가 됐더군. 오늘부로 너는 로켓단원이 아니다.,"The back meadow's turned into a Pokémon playground. As of today, you're no longer Team Rocket."
유니폼을 반납하고 창고를 나왔다. 풀밭 쪽에서 낯익은 울음소리가 몇 번 들렸다.,유니폼을 반납하고 창고를 나왔다. 풀밭 쪽에서 낯익은 울음소리가 몇 번 들렸다.,I turned in my uniform and left the warehouse. From the meadow came a few familiar cries.
월세는 여전히 밀려 있다. 그래도 발걸음은 생각보다 가벼웠다.,월세는 여전히 밀려 있다. 그래도 발걸음은 생각보다 가벼웠다.,The rent's still overdue. But my steps felt lighter than I expected.
돈 %s원,돈 %s원,%s won
보냄 %d / %d,보냄 %d / %d,Sent %d / %d
월세 D-%d,월세 D-%d,Rent D-%d
월세 오늘,월세 오늘,Rent: today
로켓단 지급 꼬렛,로켓단 지급 꼬렛,Team Rocket-issue Rattata
힘껏 들이받기,힘껏 들이받기,Headbutt
내 %s HP %d/%d   ·   %s HP %d/%d,내 %s HP %d/%d   ·   %s HP %d/%d,My %s HP %d/%d   ·   %s HP %d/%d
몸통박치기,몸통박치기,Tackle
기 모으기 (다음 공격 두 배),기 모으기 (다음 공격 두 배),Focus (next attack x2)
웅크리기 (받는 피해 줄이기),웅크리기 (받는 피해 줄이기),Hunker down (take less damage)
특기: %s (한 번만),특기: %s (한 번만),Special: %s (once)
%s의 몸통박치기! %s에게 %d만큼 먹혔다.,%s의 몸통박치기! %s에게 %d만큼 먹혔다.,%s used Tackle! %s took %d damage.
%s 숨을 고르며 힘을 모은다.,%s 숨을 고르며 힘을 모은다.,%s catches its breath and gathers power.
%s 몸을 잔뜩 웅크렸다.,%s 몸을 잔뜩 웅크렸다.,%s curled up tight.
%s 꾸벅꾸벅 졸고 있다.,%s 꾸벅꾸벅 졸고 있다.,%s is nodding off.
%s의 공격이 허공을 갈랐다!,%s의 공격이 허공을 갈랐다!,%s's attack missed!
%s 무언가를 노리고 있다….,%s 무언가를 노리고 있다….,%s is up to something...
%s의 공격! %s %d만큼 다쳤다.,%s의 공격! %s %d만큼 다쳤다.,%s attacked! %s took %d damage.
%s 쓰러졌다. 이겼다!,%s 쓰러졌다. 이겼다!,%s fainted. I won!
%s 쓰러졌다. 졌다….,%s 쓰러졌다. 졌다….,%s fainted. I lost...
%s의 %s!,%s의 %s!,%s used %s!
두 번 연달아 맞혔다!,두 번 연달아 맞혔다!,Hit twice in a row!
%s의 모습으로 변하더니 똑같은 공격을 두 배로 돌려주었다!,%s의 모습으로 변하더니 똑같은 공격을 두 배로 돌려주었다!,It turned into %s and sent the same attack back twice as hard!
상대의 등 뒤로 순간이동했다. 다음 공격에 힘이 실린다.,상대의 등 뒤로 순간이동했다. 다음 공격에 힘이 실린다.,It teleported behind the foe. Its next attack will hit harder.
길게 하품을 했다. 보고 있던 %s 눈꺼풀이 무거워진다.,길게 하품을 했다. 보고 있던 %s 눈꺼풀이 무거워진다.,It let out a long yawn. %s's eyelids grow heavy.
동전이 쏟아졌다. 300원을 주웠다.,동전이 쏟아졌다. 300원을 주웠다.,Coins scattered everywhere. I picked up 300 won.
%s에게 %d만큼 먹혔다.,%s에게 %d만큼 먹혔다.,%s took %d damage.
 · 배틀에 나선다, · 배틀에 나선다, · Into battle
%s 산책시킨다 (친밀도 +1%s),%s 산책시킨다 (친밀도 +1%s),Walk %s (Friendship +1%s)
그냥 잔다,그냥 잔다,Just sleep
%s 데리고 동네를 한 바퀴 돌았다. 녀석은 가로등 밑에서 한참 냄새를 맡았다. 다음에 배틀이 붙으면 이 녀석이 나설 것이다.,%s 데리고 동네를 한 바퀴 돌았다. 녀석은 가로등 밑에서 한참 냄새를 맡았다. 다음에 배틀이 붙으면 이 녀석이 나설 것이다.,"I took %s for a walk around the block. It sniffed around under a streetlight for ages. Next time there's a battle, it'll step up."
한국어,한국어,English
느리게,느리게,Slow
보통,보통,Normal
빠르게,빠르게,Fast
바로,바로,Instant
이 저장 코드를 전부 복사해서 메모장 같은 곳에 붙여 두세요.,이 저장 코드를 전부 복사해서 메모장 같은 곳에 붙여 두세요.,"Copy this whole save code and keep it somewhere safe, like a notes app."
저장 코드를 띄웠어요. 복사해 두세요.,저장 코드를 띄웠어요. 복사해 두세요.,Save code shown. Copy it somewhere safe.
저장 코드를 클립보드에 복사했어요.,저장 코드를 클립보드에 복사했어요.,Save code copied to the clipboard.
저장 코드를 붙여 넣으세요.,저장 코드를 붙여 넣으세요.,Paste your save code.
저장 코드가 올바르지 않아요.,저장 코드가 올바르지 않아요.,That save code doesn't look right.
의심도,의심도,Suspicion
수사망,수사망,Heat
본사 트럭에 싣기,본사 트럭에 싣기,Load onto HQ truck
뒷문으로 풀어주기,뒷문으로 풀어주기,Release out the back door
서류철,서류철,Files
클릭 또는 스페이스로 넘기기,클릭 또는 스페이스로 넘기기,Click or press Space to continue
타이틀로,타이틀로,Title Screen
닫기,닫기,Close
언어,언어,Language
음악,음악,Music
효과음,효과음,Sound Effects
글자 속도,글자 속도,Text Speed
전체 화면,전체 화면,Fullscreen
저장 코드 복사,저장 코드 복사,Copy save code
저장 코드 불러오기,저장 코드 불러오기,Load save code
저장 코드,저장 코드,Save Code
저장 코드 복사 (수동 저장),저장 코드 복사 (수동 저장),Copy save code (manual save)
저장 코드 붙여넣기 (이어하기),저장 코드 붙여넣기 (이어하기),Paste save code (continue)
돌아가기,돌아가기,Back
게임은 장면마다 자동 저장돼요. 저장 코드를 복사해 두면 다른 기기에서도 이어할 수 있어요.,게임은 장면마다 자동 저장돼요. 저장 코드를 복사해 두면 다른 기기에서도 이어할 수 있어요.,The game auto-saves every scene. Copy a save code to continue on another device.
게임은 장면마다 자동 저장돼요. 껐다 켜도 하던 장면부터 이어져요. 저장 코드를 복사해 두면 다른 기기나 브라우저에서도 이어서 할 수 있어요.,게임은 장면마다 자동 저장돼요. 껐다 켜도 하던 장면부터 이어져요. 저장 코드를 복사해 두면 다른 기기나 브라우저에서도 이어서 할 수 있어요.,"The game auto-saves every scene, so you pick up right where you were. Copy a save code to continue on another device or browser."
